Campus,Year,Session,Subject,Course,Detail,Section,Title,Professor,Reported,Avg,Median,Percentile (25),Percentile (75),High,Low,<50,50-54,55-59,60-63,64-67,68-71,72-75,76-79,80-84,85-89,90-100
UBCO,2021,W,ECON,101,,1,Principles of Microeconomics,Khan Islam;Noriko Ozawa,333,67.6,69,60,78,95,0,25,24,31,40,31,38,34,38,34,21,17
UBCO,2021,W,ECON,101,,101,Principles of Microeconomics,Khan Islam,274,67.1,69,59,78,96,0,24,26,24,21,23,39,30,28,27,14,18
UBCO,2021,W,ECON,102,,1,Principles of Macroeconomics,Wei Dai;Noriko Ozawa,275,65.7,66,59,75.5,96,0,22,27,22,33,45,30,27,20,25,16,8
UBCO,2021,W,ECON,102,,101,Principles of Macroeconomics,Julien Picault,342,75,79,68,88,98,0,20,8,16,15,24,33,26,35,40,60,65
UBCO,2021,W,ECON,204,,1,Intermediate Microeconomic Analysis,Noriko Ozawa,59,58.2,60,39,77.5,99,6,22,,,,,,,,,,
UBCO,2021,W,ECON,204,,101,Intermediate Microeconomic Analysis,Min Hu,71,60.8,60,52,72,94,14,10,12,9,11,,6,,,6,,
UBCO,2021,W,ECON,205,,1,Intermediate Macroeconomic Analysis,Kenneth Carlaw;Spencer Dean,35,57.5,56,44,71,93,4,11,,7,,,,,,,,
UBCO,2021,W,ECON,205,,101,Intermediate Macroeconomic Analysis,Kenneth Carlaw,47,57.8,59,48,71,89,3,12,,8,6,,,,,,,
UBCO,2021,W,ECON,221,,1,Introduction to Strategic Thinking,Noriko Ozawa,29,65.3,65,58,78,97,20,,,,,6,,,,,,
UBCO,2021,W,ECON,232,,1,History of Economic Thought,Ross Hickey,38,74,77.5,70.5,85,99,7,,,,,,,6,7,,,7
UBCO,2021,W,ECON,295,,1,Managerial Economics,Khan Islam,52,61.5,62.5,54.8,69,84,35,,8,10,6,,9,6,,,,
UBCO,2021,W,ECON,308,,101,Intermediate Microeconomics II,Noriko Ozawa,28,63.7,62,53.8,79.3,99,0,,6,,,,,,,,,
UBCO,2021,W,ECON,320,,101,Introduction to Mathematical Economics,Noriko Ozawa;Camille Simardone,38,85.2,85.5,76.5,93,100,65,,,,,,,6,,6,7,15
UBCO,2021,W,ECON,327,,1,Introduction to Empirical Economics,Wei Dai,64,63.2,63,53.8,72.3,97,24,9,10,9,,,8,6,,,,
UBCO,2021,W,ECON,328,,101,Methods of Empirical Research,Camille Simardone,47,77.1,77,70,86,98,53,,,,,,,,13,,7,6
UBCO,2021,W,ECON,331,,101,World Economy since 1800,Todd Christopher Campbell,49,68.8,70,63,76,91,43,,,,,6,8,9,6,,,
UBCO,2021,W,ECON,339,,1,Economics of Technological Change,Kenneth Carlaw,28,64.9,70.5,58.5,82,88,0,,,,,,,,,7,,
UBCO,2021,W,ECON,340,,1,Financial Economics,Wendy Wai Yee Kei,36,71.1,73,65.5,79.5,93,42,,,,,,,,6,,,
UBCO,2021,W,ECON,340,,101,Financial Economics,Kit Pasula,34,75,75,69.3,82.8,95,55,,,,,,,7,,6,,
UBCO,2021,W,ECON,345,,1,Money and Banking,Khan Islam,45,63.6,64,53,73,86,41,7,,,,,,,,,,
UBCO,2021,W,ECON,345,,101,Money and Banking,Khan Islam,44,65.7,65,57.8,78.5,99,0,,6,6,,7,,,,,,
UBCO,2021,W,ECON,351,,101,Women in the Economy,Julien Picault,37,72.1,74,68,78,93,29,,,,,,6,7,7,,,
UBCO,2021,W,ECON,352,,1,Public Sector Economics,Ross Hickey,38,76.2,77,68.3,84,90,57,,,,6,,,,6,11,,
UBCO,2021,W,ECON,355,,1,International Trade,Andrea Craig,31,78.4,79,70,87,99,60,,,,,,,,,,6,
UBCO,2021,W,ECON,355,,101,International Trade,Andrea Craig,32,73.1,76,66.5,85.8,100,0,,,,,,,,,,,
UBCO,2021,W,ECON,356,,1,International Finance,Kit Pasula,22,76.5,78,68.5,86.8,98,50,,,,,,,,,,,
UBCO,2021,W,ECON,356,,101,International Finance,Kit Pasula,20,75.7,82.5,63.5,94,99,20,,,,,,,,,,,8
UBCO,2021,W,ECON,360,,1,Labour Economics,Min Hu,29,70.4,76,60,80,92,36,,,,,,,,6,,,
UBCO,2021,W,ECON,360,,101,Labour Economics,Wendy Wai Yee Kei,36,72.8,74.5,66,82.3,94,44,,,,,,,,,,,
UBCO,2021,W,ECON,370,,101,Benefit-Cost Analysis and the Economics of Project Evaluation,Julien Picault,36,68.6,73,64.5,79,90,16,,,,,,,6,7,,,
UBCO,2021,W,ECON,371,,1,Economics of the Environment,Md Zabid Iqbal,29,73.9,76,72,80,93,50,,,,,,,,8,6,,
UBCO,2021,W,ECON,372,,101,Natural Resource Economics,Johannus Janmaat,24,68.7,70.5,63.3,76.8,96,28,,,,,,,,,,,
UBCO,2021,W,ECON,386,,1,Industrial Organization and Regulation,Noriko Ozawa,19,65.6,63,61,74,92,46,,,,6,,,,,,,
UBCO,2021,W,ECON,391,M,1,Topics in Economics,Andrea Craig;Camille Simardone,40,80.4,85.5,75.3,90,99,40,,,,,,,,7,,9,13
UBCO,2021,W,ECON,391,N,101,Topics in Economics,Khan Islam,19,68.5,67,60,77,94,50,,,,,,,,,,,
UBCO,2021,W,ECON,391,T,101,Topics in Economics,Andrea Craig;Noriko Ozawa,13,83.8,89,70,93,100,64,,,,,,,,,,,6
UBCO,2021,W,ECON,391,U,101,Topics in Economics,Giovanni Grandi,22,74.3,73.5,70.3,80,96,35,,,,,,,,,,,
UBCO,2021,W,ECON,391,V,1,Topics in Economics,Min Hu,18,75.7,74.5,70.3,80.8,98,62,,,,,,,,,,,
UBCO,2021,W,ECON,391,W,101,Topics in Economics,Wei Dai,29,69.9,70,65,85,88,0,,,,,,,,,,8,
UBCO,2021,W,ECON,402,,1,Applied Macroeconomic Analysis,Kit Pasula,7,83.7,94,75,96,99,51,,,,,,,,,,,
UBCO,2021,W,ECON,427,,101,Econometrics,Wei Dai,11,71.6,82,73,84,94,18,,,,,,,,,,,
UBCO,2021,W,POLI,100,,1,Introduction to Politics,James Rochlin,147,77.9,81,73.5,87,96,0,,,,,,,,,,,
UBCO,2021,W,POLI,202,,1,The Government of Canada,Maxime Heroux-Legault,45,83,87,77,91,99,42,,,,,,,,,,,
UBCO,2021,W,POLI,202,,101,The Government of Canada,Maxime Heroux-Legault,102,89.4,91,84,94,100,63,,,,,9,12,20,11,30,34,20
UBCO,2021,W,POLI,220,,1,Introduction to Comparative Politics,Manfred Elfstrom,90,72.2,75.5,66,82.8,92,0,,,,,,,,,,11,16
UBCO,2021,W,POLI,221,,1,International Politics,Halina Sapeha,90,75.6,77,70,83,95,28,,,,,,,,,19,13,62
UBCO,2021,W,POLI,223,,101,"Introduction to Philosophy, Politics and Economics (PPE)",Brad Epperly,41,68.4,71,59,79,97,30,,,,6,8,10,9,13,16,12,
UBCO,2021,W,POLI,240,,101,Currents of Political Thought,Matthew Hamilton,82,64.3,71,58.3,78,92,0,12,,6,,6,9,8,14,20,13,7
UBCO,2021,W,POLI,303,,101,Federalism in Canada,Geoffrey Sigalet,27,73.2,76,68,80,91,21,,,,,,,6,,,,
UBCO,2021,W,POLI,314,,1,Topics in Comparative Politics: China,Manfred Elfstrom,38,74.9,74,66.3,84.8,96,56,,,6,,,10,10,17,7,6,
UBCO,2021,W,POLI,352,,1,Comparative Politics of Public Policy,Anna Kopec,37,76.2,78,72,84,90,22,,,,,,,,,,,
UBCO,2021,W,POLI,354,,1,History of Political Ideas I,Thomas Heilke,29,72.6,77,69,85,90,0,,,,,,,6,,,,6
UBCO,2021,W,POLI,356,,101,History of Political Ideas II,Matthew Hamilton;Thomas Heilke,39,74,77,70,81,91,40,,,,,,,,9,7,6,
UBCO,2021,W,POLI,358,,101,Politics and Religion,Thomas Heilke,26,70.6,75,68.5,78,92,19,,,,,,,,,6,7,
UBCO,2021,W,POLI,364,,101,International Organizations,Takumi Shibaike,35,69.2,73,65,86,96,0,,,,,,,,10,,6,
UBCO,2021,W,POLI,382,,1,Genocide: An Interdisciplinary Perspective,Adam Jones,75,79.5,82,75.5,86,94,0,,,,,,,6,6,,,
UBCO,2021,W,POLI,391,C,1,Special Topics in Political Science,Jaby Mathew,36,76.7,78,75,81,87,32,,,,,,,6,,,8,
UBCO,2021,W,POLI,391,G,101,Special Topics in Political Science,Adam Jones,39,76.5,82,72,87,92,0,,,,,,,10,11,20,17,8
UBCO,2021,W,POLI,391,H,101,Special Topics in Political Science,Nojang Khatami,39,67.3,81,65,85.5,91,0,6,,,,,,6,10,13,,
UBCO,2021,W,POLI,391,I,101,Special Topics in Political Science,Brad Epperly,18,67.4,74.5,65.8,77.5,95,5,,,,,,,,,8,11,6
UBCO,2021,W,POLI,402,,101,Law and Politics of the Canadian Constitution,Geoffrey Sigalet,21,77.7,79,75,87,91,25,,,,,,,,,,13,
UBCO,2021,W,POLI,432,,1,Contemporary Issues in Law,Halina Sapeha,27,79.1,79,73.5,85.5,93,64,,,,,,,,,,,
UBCO,2021,W,POLI,441,,101,Quantitative Methods in Political Science,Maxime Heroux-Legault,18,76.7,82.5,68.3,89.5,97,11,,,,,,,,6,,6,
UBCO,2021,W,POLI,464,B,1,Problems in International Relations: Seminar,Brad Epperly,23,75.3,81,72.5,88,93,38,,,,,,,,7,,,
UBCO,2021,W,POLI,464,E,101,Problems in International Relations: Seminar,Darielle Talarico,24,82.1,82,80.8,85,91,68,,,,,,,,,,,
UBCO,2021,W,POLI,464,H,1,Problems in International Relations: Seminar,Kristen Pue,24,75.8,77.5,72.5,82.3,91,48,,,,,,,,,,,
UBCO,2021,W,POLI,464,I,1,Problems in International Relations: Seminar,Manfred Elfstrom,18,78.8,79.5,76.5,88.3,95,20,,,,,,,,,9,8,
UBCO,2021,W,POLI,464,N,1,Problems in International Relations: Seminar,Maxime Heroux-Legault,10,81.8,85,78,86,87,68,,,,,,,,,6,,
UBCO,2021,W,POLI,465,,1,International Law: Seminar,Halina Sapeha,26,79.5,81.5,73.8,89.3,94,42,,,,,,,,,,,
UBCO,2021,W,POLI,465,,101,International Law: Seminar,Halina Sapeha,23,80,82,78,86,91,50,,,,,,,,,,6,
UBCO,2021,W,PHIL,111,,1,Introduction to Philosophy I,Nathan Cockram,58,69.7,71,62.3,78,87,42,,,6,,8,7,7,10,6,,
UBCO,2021,W,PHIL,111,,2,Introduction to Philosophy I,Madeleine Ransom,61,78.6,81.5,70.8,87,97,42,,,,,,7,,,9,14,11
UBCO,2021,W,PHIL,111,,3,Introduction to Philosophy I,Phil Smolenski,67,69.6,71,67,75,93,0,,,,,9,16,19,,6,,
UBCO,2021,W,PHIL,111,,102,Introduction to Philosophy I,Madeleine Ransom,60,77.7,82.5,71,88.3,94,0,,,,,,6,,,9,14,11
UBCO,2021,W,PHIL,120,,1,Introduction to Logic and Critical Thinking,Giovanni Grandi,115,72.1,74,64.5,81.5,100,1,11,,6,6,10,13,11,15,16,,17
UBCO,2021,W,PHIL,120,,2,Introduction to Logic and Critical Thinking,Madeleine Ransom,125,85.7,88,81,92,99,50,,,,,,,7,13,16,29,52
UBCO,2021,W,PHIL,120,,101,Introduction to Logic and Critical Thinking,Giovanni Grandi,114,71.3,72,63.3,85,100,2,9,12,,,14,12,11,12,6,10,20
UBCO,2021,W,PHIL,121,,1,Introduction to Philosophy II,Phil Smolenski,55,71.1,74,66.5,80,90,0,,6,,,,8,8,7,14,,
UBCO,2021,W,PHIL,121,,101,Introduction to Philosophy II,Andrew Irvine,54,68.9,73,62.3,82.8,93,0,6,,,6,,,8,,9,7,
UBCO,2021,W,PHIL,210,,101,Introduction to Social and Political Philosophy,Phil Smolenski,30,73.5,75.5,71,80.8,87,15,,,,,,,,,8,,
UBCO,2021,W,PHIL,220,,1,Symbolic Logic I,Wolfgang Holger Andreas,46,71.3,75,63,85.8,97,20,7,,,,,,,6,,6,8
UBCO,2021,W,PHIL,230,,1,Ethics,James Robinson,54,74.6,76,70,82,91,32,,,,,,6,10,7,10,9,
UBCO,2021,W,PHIL,233,,1,Biomedical Ethics,Phil Smolenski,56,79.6,80,74.8,86,96,51,,,,,,7,,7,11,10,11
UBCO,2021,W,PHIL,245,,101,Introduction to Metaphysics,Wolfgang Holger Andreas,29,73,78,64,84,100,20,,,,,,,,,6,,
UBCO,2021,W,PHIL,310,,1,The Philosophy of Plato,Andrew Irvine,35,75.5,79,67.5,83,94,53,,,,,,,,,10,,
UBCO,2021,W,PHIL,314,,1,Philosophy in the 17th Century,Giovanni Grandi,37,74.6,77,70,84,92,28,,,,,,,,,8,6,
UBCO,2021,W,PHIL,331,,1,Computer Ethics,Jennifer Ingle,100,85.5,87,81,92,98,51,,,,,,,,10,20,15,43
UBCO,2021,W,PHIL,331,,101,Computer Ethics,Jennifer Ingle,93,79.2,81,73,88,96,35,,,,,8,6,7,15,19,14,17
UBCO,2021,W,PHIL,338,,1,Philosophy of Law,Andrew Irvine,34,79.5,81,75.3,84,95,64,,,,,,,,6,11,7,
UBCO,2021,W,PHIL,338,,101,Philosophy of Law,Andrew Irvine,40,73.8,75,70.5,83.3,90,15,,,,,,10,6,,11,6,
UBCO,2021,W,PHIL,345,,101,Theory of Knowledge,Manuela Ungureanu,15,69.6,76,63.5,80,85,15,,,,,,,,,,,
UBCO,2021,W,PHIL,373,,1,Feminist Philosophy,Jennifer Ingle,35,83.4,85,78,90.5,98,26,,,,,,,,6,6,,13
UBCO,2021,W,PHIL,391,E,101,Topics in Philosophy,Giovanni Grandi,16,74.9,80.5,67.3,90.5,97,0,,,,,,,,,,,
UBCO,2021,W,PHIL,391,F,101,Topics in Philosophy,Jennifer Ingle,31,81.3,85,77.5,91.5,99,34,,,,,,,,,,6,11
UBCO,2021,W,PHIL,418,G,101,Topics in 20th-Century Philosophy,Wolfgang Holger Andreas,8,84.3,88,71.8,95,99,66,,,,,,,,,,,
UBCO,2021,W,PHIL,425,,101,Philosophy of Language,Manuela Ungureanu,7,67.4,72,55.5,79.5,86,44,,,,,,,,,,,
UBCO,2021,W,PHIL,435,,1,Environmental Ethics,James Robinson,31,79.1,83,74,86,92,51,,,,,,,,,,10,
UBCO,2021,W,PHIL,446,,101,Philosophy of Psychology,Michael Barkasi,37,74.9,76,67,82,93,56,,,,,,,,,,6,
UBCO,2021,W,PHIL,460,,1,Philosophy of Science,Wolfgang Holger Andreas,14,74.4,83.5,60,90,93,29,,,,,,,,,,,
UBCO,2020,W,ECON,101,,1,Principles of Microeconomics,Abigayle Weatherhog;Anthony Boyko;Felipe Morelli Guazzelli;Jakob Graves;Jessica Grant;Khan Islam;Maria Paz Marengo Di Bez;Mehdi Mohamadian;Noriko Ozawa;Ruben Thiemann;Voole Cox;Yuanzhe Chen,393,68.90839695,15.83868797,100,0,29,27,37,35,43,34,50,28,52,35,23,,
UBCO,2020,W,ECON,101,,101,Principles of Microeconomics,Abigayle Weatherhog;Andrea Craig;Anthony Boyko;Braydon Neiszner;Felipe Morelli Guazzelli;Jessica Grant;Maria Paz Marengo Di Bez;Mehdi Mohamadian;Noriko Ozawa;Rowan Holyer;Ruben Thiemann;Sarah El Kaissi;Voole Cox;Yuanzhe Chen,282,69.92907801,19.68421352,100,0,31,22,22,20,25,23,23,24,29,17,46,,
UBCO,2020,W,ECON,101,,OVERALL,Principles of Microeconomics,,675,69.33481482,17.54131756,100,0,60,49,59,55,68,57,73,52,81,52,69,,
UBCO,2020,W,ECON,102,,1,Principles of Macroeconomics,Abigayle Weatherhog;Anthony Boyko;Felipe Morelli Guazzelli;Jakob Graves;Jessica Grant;Julien Picault;Maria Paz Marengo Di Bez;Ruben Thiemann;Sarah El Kaissi;Tazul Islam;Voole Cox;Yuanzhe Chen,354,70.85028249,17.33972048,99,0,24,18,25,24,32,30,34,38,53,44,32,,
UBCO,2020,W,ECON,102,,101,Principles of Macroeconomics,Abigayle Weatherhog;Anthony Boyko;Felipe Morelli Guazzelli;Jessica Grant;Julien Picault;Karl Pinno;Noriko Ozawa;Rowan Holyer;Ruben Thiemann;Sarah El Kaissi;Spencer Dean;Voole Cox;Yuanzhe Chen,280,71.90357143,14.62952242,99,0,21,6,12,26,27,27,25,48,43,27,18,,
UBCO,2020,W,ECON,102,,OVERALL,Principles of Macroeconomics,,634,71.31545741,16.19494726,99,0,45,24,37,50,59,57,59,86,96,71,50,,
UBCO,2020,W,ECON,204,,101,Intermediate Microeconomic Analysis,Braydon Neiszner;Mehdi Mohamadian;Noriko Ozawa;Sarah El Kaissi,137,63.08029197,15.67175165,99,4,25,11,17,17,14,11,11,14,4,7,6,,
UBCO,2020,W,ECON,204,,OVERALL,Intermediate Microeconomic Analysis,,137,63.08029197,15.67175165,99,4,25,11,17,17,14,11,11,14,4,7,6,,
UBCO,2020,W,ECON,205,,101,Intermediate Macroeconomic Analysis,Abigayle Weatherhog;Braydon Neiszner;Felipe Morelli Guazzelli;Jakob Graves;Kenneth Carlaw;Maria Paz Marengo Di Bez;Mehdi Mohamadian;Noriko Ozawa;Rowan Holyer;Ruben Thiemann;Sarah El Kaissi;Spencer Dean;Voole Cox;Wei Dai;Yuanzhe Chen,131,69.98473282,12.4628585,98,18,9,3,9,11,14,18,17,22,19,6,3,,
UBCO,2020,W,ECON,205,,OVERALL,Intermediate Macroeconomic Analysis,,131,69.98473282,12.4628585,98,18,9,3,9,11,14,18,17,22,19,6,3,,
UBCO,2020,W,ECON,221,,101,Introduction to Strategic Thinking,Kenneth Carlaw;Noriko Ozawa;Rowan Holyer;Spencer Dean;Spencer Lh Dean,60,65.8,17.25855229,96,11,9,6,3,8,5,5,3,6,6,7,2,,
UBCO,2020,W,ECON,221,,OVERALL,Introduction to Strategic Thinking,,60,65.8,17.25855229,96,11,9,6,3,8,5,5,3,6,6,7,2,,
UBCO,2020,W,ECON,232,,1,History of Economic Thought,Felipe Morelli Guazzelli;Karl Pinno,73,72.43835616,9.056897772,85,30,1,1,3,7,6,10,10,22,11,2,0,,
UBCO,2020,W,ECON,232,,OVERALL,History of Economic Thought,,73,72.43835616,9.056897772,85,30,1,1,3,7,6,10,10,22,11,2,0,,
UBCO,2020,W,ECON,260,,101,Poverty and Inequality,Anthony Boyko;Felipe Morelli Guazzelli;Jessica Grant;Md Abdullah;Mehdi Mohamadian;Noriko Ozawa;Rowan Holyer;Ruben Thiemann;Sarah El Kaissi;Voole Cox;Yuanzhe Chen,39,71.43589744,15.78105939,89,0,2,1,4,0,4,4,5,5,10,4,0,,
UBCO,2020,W,ECON,260,,OVERALL,Poverty and Inequality,,39,71.43589744,15.78105939,89,0,2,1,4,0,4,4,5,5,10,4,0,,
UBCO,2020,W,ECON,295,,1,Managerial Economics,Amarpreet Kaur;Anthony Boyko;Jessica Grant;Khan Islam;Maria Paz Marengo Di Bez;Mehdi Mohamadian;Noriko Ozawa;Rowan Holyer;Ruben Thiemann;Sarah El Kaissi;Voole Cox;Wei Dai;Yuanzhe Chen,63,70.53968254,13.83406898,93,19,4,1,6,7,8,5,6,7,10,6,3,,
UBCO,2020,W,ECON,295,,OVERALL,Managerial Economics,,63,70.53968254,13.83406898,93,19,4,1,6,7,8,5,6,7,10,6,3,,
UBCO,2020,W,ECON,308,,101,Intermediate Microeconomics II,Anthony Boyko;Braydon Neiszner;Maria Paz Marengo Di Bez;Mehdi Mohamadian;Noriko Ozawa;Voole Cox,35,62.02857143,14.39870442,98,33,4,7,7,4,1,3,2,2,3,1,1,,
UBCO,2020,W,ECON,308,,OVERALL,Intermediate Microeconomics II,,35,62.02857143,14.39870442,98,33,4,7,7,4,1,3,2,2,3,1,1,,
UBCO,2020,W,ECON,309,,101,Intermediate Macroeconomics II,Anthony Boyko;Karl Pinno;Noriko Ozawa;Spencer Dean,12,71.16666667,16.38088317,97,47,1,1,1,2,1,0,0,1,2,1,2,,
UBCO,2020,W,ECON,309,,OVERALL,Intermediate Macroeconomics II,,12,71.16666667,16.38088317,97,47,1,1,1,2,1,0,0,1,2,1,2,,
UBCO,2020,W,ECON,320,,1,Introduction to Mathematical Economics,Md Zabid Iqbal,40,72.25,14.68428429,91,23,2,2,2,3,3,4,2,4,9,5,4,,
UBCO,2020,W,ECON,320,,OVERALL,Introduction to Mathematical Economics,,40,72.25,14.68428429,91,23,2,2,2,3,3,4,2,4,9,5,4,,
UBCO,2020,W,ECON,327,,1,Introduction to Empirical Economics,Amarpreet Kaur;James Johnson;Karl Pinno,61,68.7704918,12.92464499,97,40,4,4,6,8,4,11,2,9,5,6,2,,
UBCO,2020,W,ECON,327,,OVERALL,Introduction to Empirical Economics,,61,68.7704918,12.92464499,97,40,4,4,6,8,4,11,2,9,5,6,2,,
UBCO,2020,W,ECON,328,,101,Methods of Empirical Research,Amarpreet Kaur;Jakob Graves;James Johnson;Mehdi Mohamadian;Mohsen Javdani;Ross Hickey,60,71.55,12.93192738,95,39,1,3,10,5,5,5,5,10,5,5,6,,
UBCO,2020,W,ECON,328,,OVERALL,Methods of Empirical Research,,60,71.55,12.93192738,95,39,1,3,10,5,5,5,5,10,5,5,6,,
UBCO,2020,W,ECON,331,,1,World Economy since 1800,Todd Christopher Campbell,40,74.65,8.300602388,90,51,0,2,0,0,4,4,13,5,8,3,1,,
UBCO,2020,W,ECON,331,,101,World Economy since 1800,Todd Christopher Campbell,30,72.93333333,10.54034395,97,54,0,1,1,5,2,5,6,2,4,1,3,,
UBCO,2020,W,ECON,331,,OVERALL,World Economy since 1800,,70,73.91428571,9.293511617,97,51,0,3,1,5,6,9,19,7,12,4,4,,
UBCO,2020,W,ECON,338,,101,Introduction to the Austrian School of Economics,Giovanni Grandi,18,64.22222222,11.19114963,84,50,0,5,2,2,2,2,2,1,2,0,0,,
UBCO,2020,W,ECON,338,,OVERALL,Introduction to the Austrian School of Economics,,18,64.22222222,11.19114963,84,50,0,5,2,2,2,2,2,1,2,0,0,,
UBCO,2020,W,ECON,340,,1,Financial Economics,Kit Pasula,40,72.625,13.65262725,98,50,0,6,1,2,5,1,5,8,5,3,4,,
UBCO,2020,W,ECON,340,,OVERALL,Financial Economics,,40,72.625,13.65262725,98,50,0,6,1,2,5,1,5,8,5,3,4,,
UBCO,2020,W,ECON,345,,1,Money and Banking,Khan Islam,57,71.70175439,11.29469678,95,50,0,3,4,8,8,7,4,4,12,5,2,,
UBCO,2020,W,ECON,345,,101,Money and Banking,Felipe Morelli Guazzelli;Jessica Grant;Md Abdullah;Mehdi Mohamadian;Noriko Ozawa;Sarah El Kaissi,50,69.38,13.60205567,95,20,1,4,4,8,6,4,6,3,10,0,4,,
UBCO,2020,W,ECON,345,,OVERALL,Money and Banking,,107,70.61682243,12.42080183,95,20,1,7,8,16,14,11,10,7,22,5,6,,
UBCO,2020,W,ECON,351,,101,Women in the Economy,Anthony Boyko;Julien Picault;Mehdi Mohamadian;Voole Cox,58,72.37931035,11.98365493,90,26,3,0,2,5,5,10,6,8,11,6,2,,
UBCO,2020,W,ECON,351,,OVERALL,Women in the Economy,,58,72.37931035,11.98365493,90,26,3,0,2,5,5,10,6,8,11,6,2,,
UBCO,2020,W,ECON,352,,101,Public Sector Economics,Ross Hickey,41,77.78048781,10.650146,97,54,0,1,1,2,3,5,3,6,11,4,5,,
UBCO,2020,W,ECON,352,,OVERALL,Public Sector Economics,,41,77.78048781,10.650146,97,54,0,1,1,2,3,5,3,6,11,4,5,,
UBCO,2020,W,ECON,355,,1,International Trade,Andrea Craig;Karl Pinno,58,76.46551724,11.8191274,96,28,2,0,1,2,4,6,7,10,12,8,6,,
UBCO,2020,W,ECON,355,,101,International Trade,Andrea Craig;Braydon Neiszner;Karl Pinno;Noriko Ozawa;Ruben Thiemann;Spencer Dean;Yuanzhe Chen,59,80.05084746,9.874075651,97,57,0,0,1,1,7,5,6,6,11,9,13,,
UBCO,2020,W,ECON,355,,OVERALL,International Trade,,117,78.27350427,10.98323482,97,28,2,0,2,3,11,11,13,16,23,17,19,,
UBCO,2020,W,ECON,356,,1,International Finance,Kit Pasula;Noriko Ozawa,38,74.84210526,11.74164756,95,51,0,3,0,4,2,7,5,1,7,5,4,,
UBCO,2020,W,ECON,356,,101,International Finance,Kit Pasula,29,73.89655172,14.5855722,99,50,0,4,1,1,3,5,2,3,2,1,7,,
UBCO,2020,W,ECON,356,,OVERALL,International Finance,,67,74.43283582,12.9523882,99,50,0,7,1,5,5,12,7,4,9,6,11,,
UBCO,2020,W,ECON,360,,101,Labour Economics,James Johnson;Khan Islam;Mehdi Mohamadian;Mohsen Javdani;Noriko Ozawa;Voole Cox;Yuanzhe Chen,38,72.65789474,11.15559808,90,50,0,3,0,4,7,3,5,5,4,4,3,,
UBCO,2020,W,ECON,360,,OVERALL,Labour Economics,,38,72.65789474,11.15559808,90,50,0,3,0,4,7,3,5,5,4,4,3,,
UBCO,2020,W,ECON,361,,101,Economics of Industrial Relations,Anthony Boyko;Felipe Morelli Guazzelli;James Johnson,35,61.71428571,18.90000222,96,11,5,7,7,2,2,1,1,3,3,1,3,,
UBCO,2020,W,ECON,361,,OVERALL,Economics of Industrial Relations,,35,61.71428571,18.90000222,96,11,5,7,7,2,2,1,1,3,3,1,3,,
UBCO,2020,W,ECON,370,,1,Benefit-Cost Analysis and the Economics of Project Evaluation,Julien Picault,33,74.12121212,11.17966227,94,40,2,0,0,1,4,4,5,6,6,3,2,,
UBCO,2020,W,ECON,370,,OVERALL,Benefit-Cost Analysis and the Economics of Project Evaluation,,33,74.12121212,11.17966227,94,40,2,0,0,1,4,4,5,6,6,3,2,,
UBCO,2020,W,ECON,371,,1,Economics of the Environment,Andrea Craig;Md Zabid Iqbal;Ruben Thiemann;Voole Cox;Yuanzhe Chen,37,71.83783784,9.934545545,91,42,1,0,1,4,5,6,4,9,4,0,3,,
UBCO,2020,W,ECON,371,,OVERALL,Economics of the Environment,,37,71.83783784,9.934545545,91,42,1,0,1,4,5,6,4,9,4,0,3,,
UBCO,2020,W,ECON,372,,101,Natural Resource Economics,Anthony Boyko;Jakob Graves;Johannus Janmaat;Md Zabid Iqbal;Mehdi Mohamadian;Rowan Holyer;Voole Cox,31,75.03225807,8.502877438,91,58,0,0,1,0,3,7,7,3,3,5,2,,
UBCO,2020,W,ECON,372,,OVERALL,Natural Resource Economics,,31,75.03225807,8.502877438,91,58,0,0,1,0,3,7,7,3,3,5,2,,
UBCO,2020,W,ECON,386,,1,Industrial Organization and Regulation,Julien Picault;Noriko Ozawa,36,66.11111111,12.00185171,90,35,2,5,3,2,9,4,3,4,2,1,1,,
UBCO,2020,W,ECON,386,,OVERALL,Industrial Organization and Regulation,,36,66.11111111,12.00185171,90,35,2,5,3,2,9,4,3,4,2,1,1,,
UBCO,2020,W,ECON,391,M,101,Topics in Economics,James Johnson,13,73.92307692,13.63489114,96,51,0,1,0,4,0,0,1,2,1,2,2,,
UBCO,2020,W,ECON,391,M,OVERALL,Topics in Economics,,13,73.92307692,13.63489114,96,51,0,1,0,4,0,0,1,2,1,2,2,,
UBCO,2020,W,ECON,391,N,101,Topics in Economics,Abigayle Weatherhog;Amarpreet Kaur;Anthony Boyko;Khan Islam;Mehdi Mohamadian;Ruben Thiemann,30,68.83333333,11.86732208,91,44,1,4,0,4,4,5,2,4,3,1,2,,
UBCO,2020,W,ECON,391,N,OVERALL,Topics in Economics,,30,68.83333333,11.86732208,91,44,1,4,0,4,4,5,2,4,3,1,2,,
UBCO,2020,W,ECON,391,O,101,Topics in Economics,Karl Pinno,59,73.13559322,10.72293325,93,51,0,3,4,7,5,5,5,9,15,5,1,,
UBCO,2020,W,ECON,391,O,OVERALL,Topics in Economics,,59,73.13559322,10.72293325,93,51,0,3,4,7,5,5,5,9,15,5,1,,
UBCO,2020,W,ECON,391,T,1,Topics in Economics,Andrea Craig,21,78.80952381,11.40446863,100,53,0,1,0,0,1,5,3,1,4,1,5,,
UBCO,2020,W,ECON,391,T,OVERALL,Topics in Economics,,21,78.80952381,11.40446863,100,53,0,1,0,0,1,5,3,1,4,1,5,,
UBCO,2020,W,ECON,401,,1,Applied Microeconomic Analysis,Amarpreet Kaur;Noriko Ozawa,7,72.85714286,19.48870247,99,35,1,0,0,0,0,1,2,1,0,1,1,,
UBCO,2020,W,ECON,401,,OVERALL,Applied Microeconomic Analysis,,7,72.85714286,19.48870247,99,35,1,0,0,0,0,1,2,1,0,1,1,,
UBCO,2020,W,ECON,427,,101,Econometrics,Mehdi Mohamadian;Mohsen Javdani;Noriko Ozawa;Wei Dai,12,69.83333333,23.30366079,94,8,1,0,2,0,1,1,1,2,0,2,2,,
UBCO,2020,W,ECON,427,,OVERALL,Econometrics,,12,69.83333333,23.30366079,94,8,1,0,2,0,1,1,1,2,0,2,2,,
UBCO,2020,W,PHIL,111,,1,Introduction to Philosophy I,Andrew Irvine;Anthony Boyko;Brian Murphy;Jakob Graves;Jennifer Ingle;Jennifer Pletsch;Sonia Shorif,67,77.55223881,14.80815048,95,0,2,2,2,3,3,5,4,6,12,21,7,,
UBCO,2020,W,PHIL,111,,2,Introduction to Philosophy I,Jennifer Ingle;Phil Smolenski,61,65.55737705,22.01630047,93,0,8,1,6,6,1,9,7,6,12,3,2,,
UBCO,2020,W,PHIL,111,,102,Introduction to Philosophy I,Brian Murphy;Christine Semeniuk;Jennifer Ingle;Jennifer Pletsch;Sonia Shorif,72,73.63888889,23.71503686,98,0,7,3,0,3,6,5,4,7,8,9,20,,
UBCO,2020,W,PHIL,111,,OVERALL,Introduction to Philosophy I,,200,72.485,21.05627242,98,0,17,6,8,12,10,19,15,19,32,33,29,,
UBCO,2020,W,PHIL,120,,1,Introduction to Logic and Critical Thinking,Giovanni Grandi;Joshua Ayer,117,71.5042735,15.58714321,100,20,9,2,15,6,11,8,12,12,16,17,9,,
UBCO,2020,W,PHIL,120,,101,Introduction to Logic and Critical Thinking,Brian Murphy;Giovanni Grandi;Joshua Ayer,111,70.4954955,18.7417249,100,0,14,5,4,4,10,14,8,13,18,7,14,,
UBCO,2020,W,PHIL,120,,OVERALL,Introduction to Logic and Critical Thinking,,228,71.0131579,17.16452654,100,0,23,7,19,10,21,22,20,25,34,24,23,,
UBCO,2020,W,PHIL,121,,101,Introduction to Philosophy II,Emma Mcnamar;Thomas Ryder,53,72.33962264,17.37476441,95,15,4,5,1,0,2,5,7,8,9,8,4,,
UBCO,2020,W,PHIL,121,,103,Introduction to Philosophy II,Emma Mcnamar;Phil Smolenski,55,67.78181818,15.90561386,96,0,5,0,3,6,8,11,9,4,3,4,2,,
UBCO,2020,W,PHIL,121,,OVERALL,Introduction to Philosophy II,,108,70.01851852,16.72201609,96,0,9,5,4,6,10,16,16,12,12,12,6,,
UBCO,2020,W,PHIL,210,,101,Introduction to Social and Political Philosophy,Emma Mcnamar;Jennifer Ingle;Phil Smolenski,22,70.54545455,15.81959988,94,18,1,0,2,2,4,3,2,1,3,2,2,,
UBCO,2020,W,PHIL,210,,OVERALL,Introduction to Social and Political Philosophy,,22,70.54545455,15.81959988,94,18,1,0,2,2,4,3,2,1,3,2,2,,
UBCO,2020,W,PHIL,220,,1,Symbolic Logic I,Alexandre Korolev;Wolfgang Holger Andreas,55,71.69090909,19.20732184,98,0,3,2,3,6,5,1,9,5,11,4,6,,
UBCO,2020,W,PHIL,220,,OVERALL,Symbolic Logic I,,55,71.69090909,19.20732184,98,0,3,2,3,6,5,1,9,5,11,4,6,,
UBCO,2020,W,PHIL,230,,1,Ethics,James Robinson,54,71.31481482,10.35378716,90,45,2,2,5,1,5,9,13,8,1,7,1,,
UBCO,2020,W,PHIL,230,,OVERALL,Ethics,,54,71.31481482,10.35378716,90,45,2,2,5,1,5,9,13,8,1,7,1,,
UBCO,2020,W,PHIL,233,,1,Biomedical Ethics,Emma Mcnamar;Thomas Ryder,56,76.73214286,10.02087108,95,50,0,3,1,2,1,9,7,6,18,5,4,,
UBCO,2020,W,PHIL,233,,OVERALL,Biomedical Ethics,,56,76.73214286,10.02087108,95,50,0,3,1,2,1,9,7,6,18,5,4,,
UBCO,2020,W,PHIL,245,,101,Introduction to Metaphysics,Emma Mcnamar;Thomas Ryder;Wolfgang Holger Andreas,15,76.73333333,12.50980568,94,58,0,0,1,2,2,1,1,1,2,1,4,,
UBCO,2020,W,PHIL,245,,OVERALL,Introduction to Metaphysics,,15,76.73333333,12.50980568,94,58,0,0,1,2,2,1,1,1,2,1,4,,
UBCO,2020,W,PHIL,310,,1,The Philosophy of Plato,Andrew Irvine,34,78.76470588,6.897776645,92,65,0,0,0,0,1,0,14,4,7,4,4,,
UBCO,2020,W,PHIL,310,,OVERALL,The Philosophy of Plato,,34,78.76470588,6.897776645,92,65,0,0,0,0,1,0,14,4,7,4,4,,
UBCO,2020,W,PHIL,315,,1,Philosophy in the 18th Century,Giovanni Grandi;Joshua Ayer,40,70.7,15.26551334,95,21,1,3,6,3,4,5,4,2,2,5,5,,
UBCO,2020,W,PHIL,315,,OVERALL,Philosophy in the 18th Century,,40,70.7,15.26551334,95,21,1,3,6,3,4,5,4,2,2,5,5,,
UBCO,2020,W,PHIL,331,,1,Computer Ethics,Brian Murphy;Jennifer Ingle;Jennifer Pletsch;Sonia Shorif,71,86.85915493,6.144209294,98,72,0,0,0,0,0,0,4,7,12,20,28,,
UBCO,2020,W,PHIL,331,,101,Computer Ethics,Brian Murphy;Christine Semeniuk;Jennifer Ingle;Jennifer Pletsch;Mehdi Mohamadian;Sonia Shorif,56,84.01785714,9.586905978,98,58,0,0,1,2,0,4,3,3,10,18,15,,
UBCO,2020,W,PHIL,331,,OVERALL,Computer Ethics,,127,85.60629921,7.943408449,98,58,0,0,1,2,0,4,7,10,22,38,43,,
UBCO,2020,W,PHIL,338,,101,Philosophy of Law,Andrew Irvine,40,77.425,4.981439911,88,65,0,0,0,0,1,3,9,13,11,3,0,,
UBCO,2020,W,PHIL,338,,OVERALL,Philosophy of Law,,40,77.425,4.981439911,88,65,0,0,0,0,1,3,9,13,11,3,0,,
UBCO,2020,W,PHIL,345,,101,Theory of Knowledge,Christopher Stephens;Manuela Ungureanu,35,76.45714286,9.075963268,89,52,0,1,0,1,5,3,4,7,5,9,0,,
UBCO,2020,W,PHIL,345,,OVERALL,Theory of Knowledge,,35,76.45714286,9.075963268,89,52,0,1,0,1,5,3,4,7,5,9,0,,
UBCO,2020,W,PHIL,361,,101,Introduction to the Austrian School of Economics,Giovanni Grandi,15,77.53333333,15.10849651,99,30,1,0,0,0,0,2,0,4,4,2,2,,
UBCO,2020,W,PHIL,361,,OVERALL,Introduction to the Austrian School of Economics,,15,77.53333333,15.10849651,99,30,1,0,0,0,0,2,0,4,4,2,2,,
UBCO,2020,W,PHIL,373,,1,Feminist Philosophy,Brian Murphy;Jennifer Ingle;Jennifer Pletsch;Sonia Shorif,36,82.52777778,12.64117108,100,50,0,1,1,1,1,3,3,3,6,3,14,,
UBCO,2020,W,PHIL,373,,OVERALL,Feminist Philosophy,,36,82.52777778,12.64117108,100,50,0,1,1,1,1,3,3,3,6,3,14,,
UBCO,2020,W,PHIL,391,D,101,Topics in Philosophy,Madeleine Ransom,21,80.52380952,11.25885895,97,56,0,0,1,0,3,0,2,3,5,3,4,,
UBCO,2020,W,PHIL,391,D,OVERALL,Topics in Philosophy,,21,80.52380952,11.25885895,97,56,0,0,1,0,3,0,2,3,5,3,4,,
UBCO,2020,W,PHIL,425,,101,Philosophy of Language,Christina Behme;Manuela Ungureanu;Thomas Ryder,38,83.28947368,12.7553018,99,53,0,1,2,1,1,3,1,4,4,5,16,,
UBCO,2020,W,PHIL,425,,OVERALL,Philosophy of Language,,38,83.28947368,12.7553018,99,53,0,1,2,1,1,3,1,4,4,5,16,,
UBCO,2020,W,PHIL,435,,1,Environmental Ethics,James Robinson,33,75.90909091,10.55747258,93,52,0,1,1,2,5,4,1,6,4,6,3,,
UBCO,2020,W,PHIL,435,,OVERALL,Environmental Ethics,,33,75.90909091,10.55747258,93,52,0,1,1,2,5,4,1,6,4,6,3,,
UBCO,2020,W,PHIL,451,,1,Philosophy of Mind,Thomas Ryder,37,71.40540541,13.07767279,94,42,1,2,2,6,8,2,2,4,1,5,4,,
UBCO,2020,W,PHIL,451,,OVERALL,Philosophy of Mind,,37,71.40540541,13.07767279,94,42,1,2,2,6,8,2,2,4,1,5,4,,
UBCO,2020,W,POLI,100,,1,Introduction to Politics,Eric De Roulet;James Rochlin;John Ward;Matthew Hamilton;Segun Fatudimu;Victor Sevilla Valenzuela,139,74.10791367,21.76444736,97,0,11,5,3,6,6,5,11,19,25,21,27,,
UBCO,2020,W,POLI,100,,OVERALL,Introduction to Politics,,139,74.10791367,21.76444736,97,0,11,5,3,6,6,5,11,19,25,21,27,,
UBCO,2020,W,POLI,101,,1,The Government of Canada,Maxime Heroux-Legault;Toney Bedell,126,78.85714286,13.49590414,95,0,4,2,1,5,3,6,12,17,32,22,22,,
UBCO,2020,W,POLI,101,,101,The Government of Canada,Maxime Heroux-Legault;Toney Bedell,106,76.44339623,18.5426562,95,1,8,1,3,2,4,3,5,13,31,22,14,,
UBCO,2020,W,POLI,101,,OVERALL,The Government of Canada,,232,77.75431035,16.00933111,95,0,12,3,4,7,7,9,17,30,63,44,36,,
UBCO,2020,W,POLI,220,,1,Introduction to Comparative Politics,Manfred Elfstrom;Victor Sevilla Valenzuela,89,75.47191011,16.39712412,93,5,5,2,3,4,5,5,11,10,13,19,12,,
UBCO,2020,W,POLI,220,,OVERALL,Introduction to Comparative Politics,,89,75.47191011,16.39712412,93,5,5,2,3,4,5,5,11,10,13,19,12,,
UBCO,2020,W,POLI,221,,1,International Politics,Amanda Shatzko;Halina Sapeha;Saifullah Mahfuz,97,77.46391753,10.29063273,94,19,3,0,1,1,1,9,16,21,25,16,4,,
UBCO,2020,W,POLI,221,,OVERALL,International Politics,,97,77.46391753,10.29063273,94,19,3,0,1,1,1,9,16,21,25,16,4,,
UBCO,2020,W,POLI,222,,101,International Politics II,Adam Jones;Amanda Shatzko;Halina Sapeha;Saifullah Mahfuz,63,80.49206349,7.528168641,96,55,0,0,2,0,0,3,6,13,22,11,6,,
UBCO,2020,W,POLI,222,,OVERALL,International Politics II,,63,80.49206349,7.528168641,96,55,0,0,2,0,0,3,6,13,22,11,6,,
UBCO,2020,W,POLI,223,,101,"Introduction to Philosophy, Politics and Economics (PPE)",Brad Epperly;Carl Hodge,33,70.39393939,18.65800665,91,27,5,1,1,2,2,2,3,3,6,5,3,,
UBCO,2020,W,POLI,223,,OVERALL,"Introduction to Philosophy, Politics and Economics (PPE)",,33,70.39393939,18.65800665,91,27,5,1,1,2,2,2,3,3,6,5,3,,
UBCO,2020,W,POLI,240,,1,Currents of Political Thought,Brian Murphy;Christine Semeniuk;Jennifer Ingle;Jennifer Pletsch;Linda Elmose;Sonia Shorif,89,74.82022472,14.12892085,92,0,4,1,3,2,4,12,14,12,18,14,5,,
UBCO,2020,W,POLI,240,,OVERALL,Currents of Political Thought,,89,74.82022472,14.12892085,92,0,4,1,3,2,4,12,14,12,18,14,5,,
UBCO,2020,W,POLI,314,,1,Topics in Comparative Politics: China,Manfred Elfstrom,31,75.74193548,9.831811437,99,58,0,0,1,2,2,7,4,5,4,2,4,,
UBCO,2020,W,POLI,314,,OVERALL,Topics in Comparative Politics: China,,31,75.74193548,9.831811437,99,58,0,0,1,2,2,7,4,5,4,2,4,,
UBCO,2020,W,POLI,354,,1,History of Political Ideas I,Matthew Hamilton;Thomas Heilke,38,74.05263158,8.2525913,88,54,0,1,1,2,4,7,6,8,4,5,0,,
UBCO,2020,W,POLI,354,,OVERALL,History of Political Ideas I,,38,74.05263158,8.2525913,88,54,0,1,1,2,4,7,6,8,4,5,0,,
UBCO,2020,W,POLI,356,,101,History of Political Ideas II,Manfred Elfstrom;Matthew Hamilton;Thomas Heilke,33,73.24242424,16.30764833,91,29,4,0,1,1,2,2,4,3,10,3,3,,
UBCO,2020,W,POLI,356,,OVERALL,History of Political Ideas II,,33,73.24242424,16.30764833,91,29,4,0,1,1,2,2,4,3,10,3,3,,
UBCO,2020,W,POLI,358,,101,Politics and Religion,Roshan Jahangeer,33,80.12121212,9.252559024,94,58,0,0,1,1,3,2,2,3,9,7,5,,
UBCO,2020,W,POLI,358,,OVERALL,Politics and Religion,,33,80.12121212,9.252559024,94,58,0,0,1,1,3,2,2,3,9,7,5,,
UBCO,2020,W,POLI,382,,1,Genocide: An Interdisciplinary Perspective,Adam Jones;John Ward,49,85.08163265,6.483429952,98,65,0,0,0,0,1,2,0,5,12,17,12,,
UBCO,2020,W,POLI,382,,OVERALL,Genocide: An Interdisciplinary Perspective,,49,85.08163265,6.483429952,98,65,0,0,0,0,1,2,0,5,12,17,12,,
UBCO,2020,W,POLI,391,G,1,Special Topics in Political Science,Adam Jones;John Ward,49,82.26530612,7.675109962,93,60,0,0,0,2,0,3,4,6,10,16,8,,
UBCO,2020,W,POLI,391,G,OVERALL,Special Topics in Political Science,,49,82.26530612,7.675109962,93,60,0,0,0,2,0,3,4,6,10,16,8,,
UBCO,2020,W,POLI,391,H,101,Special Topics in Political Science,Nojang Khatami,37,73.89189189,16.69794363,91,0,2,1,1,2,1,5,1,8,6,7,3,,
UBCO,2020,W,POLI,391,H,OVERALL,Special Topics in Political Science,,37,73.89189189,16.69794363,91,0,2,1,1,2,1,5,1,8,6,7,3,,
UBCO,2020,W,POLI,432,,1,Contemporary Issues in Law,Halina Sapeha,35,82.02857143,6.247285125,92,69,0,0,0,0,0,3,2,6,11,8,5,,
UBCO,2020,W,POLI,432,,101,Contemporary Issues in Law,Graham Zilm,27,80.2962963,9.510378197,95,55,0,0,1,0,1,3,3,4,5,6,4,,
UBCO,2020,W,POLI,432,,OVERALL,Contemporary Issues in Law,,62,81.27419355,7.813752808,95,55,0,0,1,0,1,6,5,10,16,14,9,,
UBCO,2020,W,POLI,464,A,101,Problems in International Relations: Seminar,Brad Epperly,25,77.28,11.36705767,97,55,0,0,2,1,1,2,6,4,3,2,4,,
UBCO,2020,W,POLI,464,A,OVERALL,Problems in International Relations: Seminar,,25,77.28,11.36705767,97,55,0,0,2,1,1,2,6,4,3,2,4,,
UBCO,2020,W,POLI,464,B,1,Problems in International Relations: Seminar,Sylvie Babadjide,28,82.78571429,15.25185391,95,15,1,0,0,1,0,1,0,3,4,8,10,,
UBCO,2020,W,POLI,464,B,OVERALL,Problems in International Relations: Seminar,,28,82.78571429,15.25185391,95,15,1,0,0,1,0,1,0,3,4,8,10,,
UBCO,2020,W,POLI,464,E,101,Problems in International Relations: Seminar,Darielle Talarico,25,84.04,8.359027057,93,61,0,0,0,1,1,1,0,1,5,8,8,,
UBCO,2020,W,POLI,464,E,OVERALL,Problems in International Relations: Seminar,,25,84.04,8.359027057,93,61,0,0,0,1,1,1,0,1,5,8,8,,
UBCO,2020,W,POLI,464,G,101,Problems in International Relations: Seminar,James Rochlin,14,82.85714286,10.35416782,93,53,0,1,0,0,0,0,2,0,3,5,3,,
UBCO,2020,W,POLI,464,G,OVERALL,Problems in International Relations: Seminar,,14,82.85714286,10.35416782,93,53,0,1,0,0,0,0,2,0,3,5,3,,
UBCO,2020,W,POLI,464,K,101,Problems in International Relations: Seminar,Sylvie Babadjide,26,87.19230769,6.968610942,94,68,0,0,0,0,0,1,1,3,1,7,13,,
UBCO,2020,W,POLI,464,K,OVERALL,Problems in International Relations: Seminar,,26,87.19230769,6.968610942,94,68,0,0,0,0,0,1,1,3,1,7,13,,
UBCO,2020,W,POLI,464,N,1,Problems in International Relations: Seminar,Maxime Heroux-Legault;Toney Bedell,15,80.2,8.881763017,93,65,0,0,0,0,2,1,1,3,2,3,3,,
UBCO,2020,W,POLI,464,N,OVERALL,Problems in International Relations: Seminar,,15,80.2,8.881763017,93,65,0,0,0,0,2,1,1,3,2,3,3,,
UBCO,2020,W,POLI,465,,101,International Law: Seminar,Amanda Shatzko;Halina Sapeha;Saifullah Mahfuz,38,81.39473684,6.938102684,96,64,0,0,0,0,1,0,9,8,5,10,5,,
UBCO,2020,W,POLI,465,,OVERALL,International Law: Seminar,,38,81.39473684,6.938102684,96,64,0,0,0,0,1,0,9,8,5,10,5,,
UBCO,2019,W,ECON,101,,1,Principles of Microeconomics,Abigayle Weatherhog;Anthony Boyko;Braydon Neiszner;Chidera Kingsley-Emu;Colton Horne;Devon Rudd;Hoang Bui;Jessica Grant;Juwilliart Cox;Kebbie Brown;Nicholas Ogawa;Noriko Ozawa;Voole Cox,266,66.90225564,17.2394303,98,0,33,17,36,13,28,24,19,26,33,20,17,,
UBCO,2019,W,ECON,101,,2,Principles of Microeconomics,Abigayle Weatherhog;Braydon Neiszner;Colton Horne;Hoang Bui;Jessica Grant;Juwilliart Cox;Khan Islam;Voole Cox,99,69.60606061,16.22973976,92,0,6,10,5,9,8,8,11,5,12,13,12,,
UBCO,2019,W,ECON,101,,101,Principles of Microeconomics,Khan Islam,259,68.22007722,15.65030346,97,0,17,32,24,24,21,27,23,20,30,22,19,,
UBCO,2019,W,ECON,101,,OVERALL,Principles of Microeconomics,,624,67.87820513,16.43815901,98,0,56,59,65,46,57,59,53,51,75,55,48,,
UBCO,2019,W,ECON,102,,1,Principles of Macroeconomics,Abigayle Weatherhog;Anthony Boyko;Braydon Neiszner;Chidera Kingsley-Emu;Colton Horne;Devon Rudd;Hoang Bui;Jessica Grant;Juwilliart Cox;Kebbie Brown;Nicholas Ogawa;Peter Wylie;Tazul Islam;Voole Cox,164,66.34146342,16.01856248,97,0,14,14,14,23,19,20,14,12,14,11,9,,
UBCO,2019,W,ECON,102,,101,Principles of Macroeconomics,Julien Picault,260,67.66538462,13.04134922,95,0,10,18,26,34,33,36,20,35,29,12,7,,
UBCO,2019,W,ECON,102,,102,Principles of Macroeconomics,Karl Pinno,173,74.06358382,14.38553468,98,0,4,16,4,5,13,23,16,25,24,23,20,,
UBCO,2019,W,ECON,102,,OVERALL,Principles of Macroeconomics,,597,69.15577889,14.62693299,98,0,28,48,44,62,65,79,50,72,67,46,36,,
UBCO,2019,W,ECON,204,,1,Intermediate Microeconomic Analysis,Anthony Boyko;Braydon Neiszner;Hoang Bui;Juwilliart Cox;Mehdi Mohamadian;Nicholas Ogawa;Noriko Ozawa;Sarah El Kaissi;Voole Cox,49,64.87755102,10.22788805,86,39,1,7,9,7,2,7,7,5,3,1,0,,
UBCO,2019,W,ECON,204,,101,Intermediate Microeconomic Analysis,Hoang Bui;Juwilliart Cox;Mehdi Mohamadian;Mohsen Javdani;Noriko Ozawa;Spencer Dean;Spencer Lh Dean,60,60.58333333,17.16351241,95,21,13,6,8,4,9,5,4,0,6,2,3,,
UBCO,2019,W,ECON,204,,OVERALL,Intermediate Microeconomic Analysis,,109,62.51376147,14.56124656,95,21,14,13,17,11,11,12,11,5,9,3,3,,
UBCO,2019,W,ECON,205,,1,Intermediate Macroeconomic Analysis,Jessica Grant;Kenneth Carlaw;Nicholas Ogawa;Spencer Dean;Spencer Lh Dean;Voole Cox,65,60.12307692,17.61525235,96,17,19,8,5,7,6,6,0,5,2,1,6,,
UBCO,2019,W,ECON,205,,101,Intermediate Macroeconomic Analysis,Kenneth Carlaw;Noriko Ozawa;Spencer Dean;Spencer Lh Dean,67,62.85074627,15.57898131,93,0,8,5,11,11,5,10,3,8,3,1,2,,
UBCO,2019,W,ECON,205,,OVERALL,Intermediate Macroeconomic Analysis,,132,61.50757576,16.6056627,96,0,27,13,16,18,11,16,3,13,5,2,8,,
UBCO,2019,W,ECON,221,,101,Introduction to Strategic Thinking,Spencer Dean;Spencer Lh Dean,28,67.60714286,17.40229718,100,19,3,1,5,3,1,3,5,2,1,1,3,,
UBCO,2019,W,ECON,221,,OVERALL,Introduction to Strategic Thinking,,28,67.60714286,17.40229718,100,19,3,1,5,3,1,3,5,2,1,1,3,,
UBCO,2019,W,ECON,232,,1,History of Economic Thought,Braydon Neiszner;Colton Horne;Karl Pinno;Peter Wylie,75,69.90666667,11.34492783,92,35,2,2,11,4,14,8,10,10,7,5,2,,
UBCO,2019,W,ECON,232,,OVERALL,History of Economic Thought,,75,69.90666667,11.34492783,92,35,2,2,11,4,14,8,10,10,7,5,2,,
UBCO,2019,W,ECON,295,,1,Managerial Economics,Khan Islam,79,69.12658228,10.61489893,95,43,2,4,3,17,10,13,9,9,4,4,4,,
UBCO,2019,W,ECON,295,,OVERALL,Managerial Economics,,79,69.12658228,10.61489893,95,43,2,4,3,17,10,13,9,9,4,4,4,,
UBCO,2019,W,ECON,308,,101,Intermediate Microeconomics II,Amarpreet Kaur;Noriko Ozawa,34,60.94117647,16.4186538,92,24,5,6,3,5,3,2,3,3,2,0,2,,
UBCO,2019,W,ECON,308,,OVERALL,Intermediate Microeconomics II,,34,60.94117647,16.4186538,92,24,5,6,3,5,3,2,3,3,2,0,2,,
UBCO,2019,W,ECON,321,,1,Experimental Economics,Julien Picault,25,73.64,8.118292103,90,61,0,0,0,3,4,3,6,3,3,1,2,,
UBCO,2019,W,ECON,321,,OVERALL,Experimental Economics,,25,73.64,8.118292103,90,61,0,0,0,3,4,3,6,3,3,1,2,,
UBCO,2019,W,ECON,327,,1,Introduction to Empirical Economics,Amarpreet Kaur;Karl Pinno;Noriko Ozawa,60,69.43333333,13.22089598,95,32,2,4,8,5,9,8,3,6,7,7,1,,
UBCO,2019,W,ECON,327,,OVERALL,Introduction to Empirical Economics,,60,69.43333333,13.22089598,95,32,2,4,8,5,9,8,3,6,7,7,1,,
UBCO,2019,W,ECON,328,,101,Methods of Empirical Research,Amarpreet Kaur;Mohsen Javdani,51,79.62745098,11.48557493,100,52,0,2,2,1,3,0,7,12,7,8,9,,
UBCO,2019,W,ECON,328,,OVERALL,Methods of Empirical Research,,51,79.62745098,11.48557493,100,52,0,2,2,1,3,0,7,12,7,8,9,,
UBCO,2019,W,ECON,331,,1,World Economy since 1800,Peter Wylie;Todd Christopher Campbell,35,74.17142857,8.39637777,90,58,0,0,1,2,6,5,6,3,8,3,1,,
UBCO,2019,W,ECON,331,,OVERALL,World Economy since 1800,,35,74.17142857,8.39637777,90,58,0,0,1,2,6,5,6,3,8,3,1,,
UBCO,2019,W,ECON,338,,101,Introduction to the Austrian School of Economics,Giovanni Grandi,26,71.65384615,10.66561694,92,52,0,3,0,3,2,6,3,3,3,1,2,,
UBCO,2019,W,ECON,338,,OVERALL,Introduction to the Austrian School of Economics,,26,71.65384615,10.66561694,92,52,0,3,0,3,2,6,3,3,3,1,2,,
UBCO,2019,W,ECON,339,,1,Economics of Technological Change,Kenneth Carlaw,34,68.91176471,18.21981547,93,8,4,2,1,6,3,2,2,4,2,3,5,,
UBCO,2019,W,ECON,339,,OVERALL,Economics of Technological Change,,34,68.91176471,18.21981547,93,8,4,2,1,6,3,2,2,4,2,3,5,,
UBCO,2019,W,ECON,340,,1,Financial Economics,Kit Pasula,60,76.21666667,12.91575266,100,50,0,2,0,9,5,9,5,6,6,8,10,,
UBCO,2019,W,ECON,340,,OVERALL,Financial Economics,,60,76.21666667,12.91575266,100,50,0,2,0,9,5,9,5,6,6,8,10,,
UBCO,2019,W,ECON,345,,1,Money and Banking,Khan Islam,57,70.12280702,11.47834946,93,44,2,4,2,8,9,7,5,7,5,6,2,,
UBCO,2019,W,ECON,345,,101,Money and Banking,Khan Islam,61,72.26229508,11.24559416,97,43,1,1,5,7,9,10,4,8,5,6,5,,
UBCO,2019,W,ECON,345,,OVERALL,Money and Banking,,118,71.22881356,11.36075944,97,43,3,5,7,15,18,17,9,15,10,12,7,,
UBCO,2019,W,ECON,355,,1,International Trade,Karl Pinno,50,71.3,11.70077618,94,50,0,3,7,2,6,8,7,6,2,4,5,,
UBCO,2019,W,ECON,355,,101,International Trade,Karl Pinno,58,79.68965517,10.54016029,100,51,0,2,0,2,2,2,11,10,11,6,12,,
UBCO,2019,W,ECON,355,,OVERALL,International Trade,,108,75.80555556,11.81275909,100,50,0,5,7,4,8,10,18,16,13,10,17,,
UBCO,2019,W,ECON,356,,1,International Finance,Kit Pasula,58,75.4137931,14.41616354,99,42,1,3,3,9,5,5,2,5,7,6,12,,
UBCO,2019,W,ECON,356,,101,International Finance,Kit Pasula,56,76.07142857,12.88248585,99,60,0,0,0,14,6,4,5,4,5,5,13,,
UBCO,2019,W,ECON,356,,OVERALL,International Finance,,114,75.73684211,13.62782982,99,42,1,3,3,23,11,9,7,9,12,11,25,,
UBCO,2019,W,ECON,360,,101,Labour Economics,Khan Islam;Mohsen Javdani,42,78.30952381,10.18005725,94,58,0,0,3,1,3,5,5,3,9,7,6,,
UBCO,2019,W,ECON,360,,OVERALL,Labour Economics,,42,78.30952381,10.18005725,94,58,0,0,3,1,3,5,5,3,9,7,6,,
UBCO,2019,W,ECON,361,,101,Economics of Industrial Relations,James Johnson,44,64.93181818,14.69598542,94,28,4,5,6,4,5,5,4,4,4,1,2,,
UBCO,2019,W,ECON,361,,OVERALL,Economics of Industrial Relations,,44,64.93181818,14.69598542,94,28,4,5,6,4,5,5,4,4,4,1,2,,
UBCO,2019,W,ECON,370,,1,Benefit-Cost Analysis and the Economics of Project Evaluation,Julien Picault,38,59.55263158,19.42789492,87,18,9,4,2,4,3,2,7,1,3,3,0,,
UBCO,2019,W,ECON,370,,OVERALL,Benefit-Cost Analysis and the Economics of Project Evaluation,,38,59.55263158,19.42789492,87,18,9,4,2,4,3,2,7,1,3,3,0,,
UBCO,2019,W,ECON,372,,101,Natural Resource Economics,Johannus Janmaat,30,76.16666667,12.17142876,95,39,1,2,0,1,1,3,4,3,8,5,2,,
UBCO,2019,W,ECON,372,,OVERALL,Natural Resource Economics,,30,76.16666667,12.17142876,95,39,1,2,0,1,1,3,4,3,8,5,2,,
UBCO,2019,W,ECON,386,,1,Industrial Organization and Regulation,Julien Picault,40,61.625,13.85027538,90,28,6,6,5,6,2,6,2,2,2,2,1,,
UBCO,2019,W,ECON,386,,OVERALL,Industrial Organization and Regulation,,40,61.625,13.85027538,90,28,6,6,5,6,2,6,2,2,2,2,1,,
UBCO,2019,W,ECON,391,M,101,Topics in Economics,James Johnson;Khan Islam,35,74.71428571,13.03518187,92,52,0,2,3,7,1,0,3,2,8,3,6,,
UBCO,2019,W,ECON,391,M,OVERALL,Topics in Economics,,35,74.71428571,13.03518187,92,52,0,2,3,7,1,0,3,2,8,3,6,,
UBCO,2019,W,ECON,391,Q,101,Topics in Economics,Julien Picault,15,69,12.8118249,90,50,0,2,1,3,1,0,2,3,1,1,1,,
UBCO,2019,W,ECON,391,Q,OVERALL,Topics in Economics,,15,69,12.8118249,90,50,0,2,1,3,1,0,2,3,1,1,1,,
UBCO,2019,W,ECON,402,,101,Applied Macroeconomic Analysis,Kit Pasula,8,88.125,3.681517544,93,81,0,0,0,0,0,0,0,0,1,3,4,,
UBCO,2019,W,ECON,402,,OVERALL,Applied Macroeconomic Analysis,,8,88.125,3.681517544,93,81,0,0,0,0,0,0,0,0,1,3,4,,
UBCO,2019,W,ECON,409,,101,Economic Growth Theory,Kenneth Carlaw,7,72,18.89444363,93,33,1,0,0,0,0,1,1,1,2,0,1,,
UBCO,2019,W,ECON,409,,OVERALL,Economic Growth Theory,,7,72,18.89444363,93,33,1,0,0,0,0,1,1,1,2,0,1,,
UBCO,2019,W,ECON,427,,101,Econometrics,Mohsen Javdani;Noriko Ozawa,9,74.77777778,19.55618686,98,34,1,0,0,1,0,1,1,1,0,2,2,,
UBCO,2019,W,ECON,427,,OVERALL,Econometrics,,9,74.77777778,19.55618686,98,34,1,0,0,1,0,1,1,1,0,2,2,,
UBCO,2019,W,PHIL,111,,1,Introduction to Philosophy I,Andrew Irvine;Ruth Lowe-Walker;Sonia Shorif,63,73.01587302,9.760836928,93,51,0,4,2,4,9,8,7,11,11,4,3,,
UBCO,2019,W,PHIL,111,,2,Introduction to Philosophy I,Jennifer Ingle;Mir Rifat Us Saleheen;Mir Saleheen;Ruth Lowe-Walker;Sonia Shorif,64,65.3125,14.28716263,90,0,4,7,5,7,11,12,5,6,1,5,1,,
UBCO,2019,W,PHIL,111,,101,Introduction to Philosophy I,James Robinson,55,69.14545455,17.35193252,92,0,3,4,4,4,4,8,6,6,8,5,3,,
UBCO,2019,W,PHIL,111,,OVERALL,Introduction to Philosophy I,,182,69.13736264,14.28006491,93,0,7,15,11,15,24,28,18,23,20,14,7,,
UBCO,2019,W,PHIL,120,,1,Introduction to Logic and Critical Thinking,Giovanni Grandi,110,68.38181818,20.58367654,100,0,17,8,5,8,8,10,8,12,9,10,15,,
UBCO,2019,W,PHIL,120,,101,Introduction to Logic and Critical Thinking,Giovanni Grandi,116,68.22413793,15.21731634,99,0,9,10,14,8,14,10,11,16,9,6,9,,
UBCO,2019,W,PHIL,120,,OVERALL,Introduction to Logic and Critical Thinking,,226,68.30088496,17.98932274,100,0,26,18,19,16,22,20,19,28,18,16,24,,
UBCO,2019,W,PHIL,121,,101,Introduction to Philosophy II,Marcos Avina;Thomas Ryder,58,65.94827586,20.02666855,98,0,9,5,3,4,7,3,7,6,4,5,5,,
UBCO,2019,W,PHIL,121,,102,Introduction to Philosophy II,Marcos Avina;Thomas Ryder,59,69.89830509,13.93791024,96,14,1,4,7,8,5,7,5,6,7,5,4,,
UBCO,2019,W,PHIL,121,,OVERALL,Introduction to Philosophy II,,117,67.94017094,17.26681619,98,0,10,9,10,12,12,10,12,12,11,10,9,,
UBCO,2019,W,PHIL,210,,101,Introduction to Social and Political Philosophy,Jennifer Ingle;Ruth Lowe-Walker;Sonia Shorif,46,84.63043478,10.92674333,100,54,0,1,2,0,0,2,3,3,8,11,16,,
UBCO,2019,W,PHIL,210,,OVERALL,Introduction to Social and Political Philosophy,,46,84.63043478,10.92674333,100,54,0,1,2,0,0,2,3,3,8,11,16,,
UBCO,2019,W,PHIL,220,,1,Symbolic Logic I,Lisa Remedios;Wolfgang Holger Andreas,44,75.15909091,18.86789223,99,37,4,5,2,2,4,2,1,2,3,6,13,,
UBCO,2019,W,PHIL,220,,OVERALL,Symbolic Logic I,,44,75.15909091,18.86789223,99,37,4,5,2,2,4,2,1,2,3,6,13,,
UBCO,2019,W,PHIL,230,,1,Ethics,James Robinson,54,72.61111111,12.53134435,91,28,1,3,3,3,5,8,9,5,6,7,4,,
UBCO,2019,W,PHIL,230,,OVERALL,Ethics,,54,72.61111111,12.53134435,91,28,1,3,3,3,5,8,9,5,6,7,4,,
UBCO,2019,W,PHIL,233,,1,Biomedical Ethics,Marcos Avina;Thomas Ryder,53,80.69811321,7.430666462,96,68,0,0,0,0,0,6,9,6,16,8,8,,
UBCO,2019,W,PHIL,233,,OVERALL,Biomedical Ethics,,53,80.69811321,7.430666462,96,68,0,0,0,0,0,6,9,6,16,8,8,,
UBCO,2019,W,PHIL,245,,101,Introduction to Metaphysics,Lisa Remedios;Wolfgang Holger Andreas,25,70.44,16.42680736,97,29,1,2,1,5,3,2,2,2,1,2,4,,
UBCO,2019,W,PHIL,245,,OVERALL,Introduction to Metaphysics,,25,70.44,16.42680736,97,29,1,2,1,5,3,2,2,2,1,2,4,,
UBCO,2019,W,PHIL,309,,101,Ancient Philosophy,James Robinson,28,65.17857143,22.97350095,93,0,5,3,1,1,1,4,2,4,1,4,2,,
UBCO,2019,W,PHIL,309,,OVERALL,Ancient Philosophy,,28,65.17857143,22.97350095,93,0,5,3,1,1,1,4,2,4,1,4,2,,
UBCO,2019,W,PHIL,310,,1,The Philosophy of Plato,Andrew Irvine;Sonia Shorif,40,73.875,9.866253023,92,46,2,0,1,2,3,2,11,6,10,1,2,,
UBCO,2019,W,PHIL,310,,OVERALL,The Philosophy of Plato,,40,73.875,9.866253023,92,46,2,0,1,2,3,2,11,6,10,1,2,,
UBCO,2019,W,PHIL,314,,1,Philosophy in the 17th Century,Giovanni Grandi,28,73.92857143,13.33591245,93,45,1,0,3,3,5,2,0,3,3,2,6,,
UBCO,2019,W,PHIL,314,,OVERALL,Philosophy in the 17th Century,,28,73.92857143,13.33591245,93,45,1,0,3,3,5,2,0,3,3,2,6,,
UBCO,2019,W,PHIL,331,,1,Computer Ethics,Jennifer Ingle;Mir Rifat Us Saleheen;Mir Saleheen;Ruth Lowe-Walker,79,72.40506329,9.389736606,94,32,1,3,2,4,9,13,16,13,15,2,1,,
UBCO,2019,W,PHIL,331,,101,Computer Ethics,Jennifer Ingle;Mir Rifat Us Saleheen;Mir Saleheen;Ruth Lowe-Walker,59,75.11864407,13.74532491,91,0,2,0,1,3,2,3,13,12,16,5,2,,
UBCO,2019,W,PHIL,331,,OVERALL,Computer Ethics,,138,73.56521739,11.48909767,94,0,3,3,3,7,11,16,29,25,31,7,3,,
UBCO,2019,W,PHIL,338,,101,Philosophy of Law,Andrew Irvine;Sonia Shorif,43,78,7.60951785,90,50,0,1,1,0,0,3,7,12,13,2,4,,
UBCO,2019,W,PHIL,338,,OVERALL,Philosophy of Law,,43,78,7.60951785,90,50,0,1,1,0,0,3,7,12,13,2,4,,
UBCO,2019,W,PHIL,345,,101,Theory of Knowledge,Manuela Ungureanu,26,69.88461539,13.9723353,88,13,1,0,0,2,8,5,2,4,0,4,0,,
UBCO,2019,W,PHIL,345,,OVERALL,Theory of Knowledge,,26,69.88461539,13.9723353,88,13,1,0,0,2,8,5,2,4,0,4,0,,
UBCO,2019,W,PHIL,361,,101,Introduction to the Austrian School of Economics,Giovanni Grandi,10,76.9,10.39711498,93,65,0,0,0,0,3,1,0,2,2,0,2,,
UBCO,2019,W,PHIL,361,,OVERALL,Introduction to the Austrian School of Economics,,10,76.9,10.39711498,93,65,0,0,0,0,3,1,0,2,2,0,2,,
UBCO,2019,W,PHIL,373,,1,Feminist Philosophy,Jennifer Ingle,35,78.71428571,9.027967749,96,62,0,0,0,2,3,4,2,3,13,4,4,,
UBCO,2019,W,PHIL,373,,OVERALL,Feminist Philosophy,,35,78.71428571,9.027967749,96,62,0,0,0,2,3,4,2,3,13,4,4,,
UBCO,2019,W,PHIL,404,,101,Aesthetics,Jennifer Ingle,26,80.23076923,17.69815288,99,16,1,0,1,1,3,0,2,2,3,3,10,,
UBCO,2019,W,PHIL,404,,OVERALL,Aesthetics,,26,80.23076923,17.69815288,99,16,1,0,1,1,3,0,2,2,3,3,10,,
UBCO,2019,W,PHIL,427,,101,Philosophy of Mathematics,Andrew Irvine,9,78.77777778,9.202958462,90,66,0,0,0,0,1,2,1,0,2,2,1,,
UBCO,2019,W,PHIL,427,,OVERALL,Philosophy of Mathematics,,9,78.77777778,9.202958462,90,66,0,0,0,0,1,2,1,0,2,2,1,,
UBCO,2019,W,PHIL,435,,1,Environmental Ethics,James Robinson,36,74.05555556,13.66527287,93,38,2,1,2,3,0,4,8,2,3,7,4,,
UBCO,2019,W,PHIL,435,,OVERALL,Environmental Ethics,,36,74.05555556,13.66527287,93,38,2,1,2,3,0,4,8,2,3,7,4,,
UBCO,2019,W,PHIL,446,,1,Philosophy of Psychology,Thomas Ryder,38,73.63157895,14.6147298,92,7,1,0,3,2,4,4,5,2,10,4,3,,
UBCO,2019,W,PHIL,446,,OVERALL,Philosophy of Psychology,,38,73.63157895,14.6147298,92,7,1,0,3,2,4,4,5,2,10,4,3,,
UBCO,2019,W,PHIL,460,,1,Philosophy of Science,Wolfgang Holger Andreas,33,77.6969697,13.30527351,98,50,0,3,1,2,2,1,2,3,8,6,5,,
UBCO,2019,W,PHIL,460,,OVERALL,Philosophy of Science,,33,77.6969697,13.30527351,98,50,0,3,1,2,2,1,2,3,8,6,5,,
UBCO,2019,W,POLI,101,,1,The Government of Canada,Maxime Heroux-Legault;Victor Sevilla Valenzuela,122,73.85245902,13.96670902,95,0,5,1,2,7,18,16,15,13,18,18,9,,
UBCO,2019,W,POLI,101,,101,The Government of Canada,Lisvet Parra Montas;Maxime Heroux-Legault;Victor Sevilla Valenzuela,120,77.25,12.46187463,98,1,3,2,3,1,10,10,13,23,22,20,13,,
UBCO,2019,W,POLI,101,,OVERALL,The Government of Canada,,242,75.53719008,13.32363907,98,0,8,3,5,8,28,26,28,36,40,38,22,,
UBCO,2019,W,POLI,220,,1,Introduction to Comparative Politics,Manfred Elfstrom;Saifullah Mahfuz,103,76.93203884,15.2381501,97,0,4,3,1,5,6,4,7,17,26,17,13,,
UBCO,2019,W,POLI,220,,OVERALL,Introduction to Comparative Politics,,103,76.93203884,15.2381501,97,0,4,3,1,5,6,4,7,17,26,17,13,,
UBCO,2019,W,POLI,221,,1,International Politics,Halina Sapeha;Halina Sepeha;James Rochlin;Saifullah Mahfuz,96,76.41666667,8.688366895,94,55,0,0,3,2,9,13,22,17,7,14,9,,
UBCO,2019,W,POLI,221,,OVERALL,International Politics,,96,76.41666667,8.688366895,94,55,0,0,3,2,9,13,22,17,7,14,9,,
UBCO,2019,W,POLI,222,,101,International Politics II,Adam Jones;John Ward,112,77.91964286,13.53949072,91,0,4,0,0,0,1,9,13,11,49,22,3,,
UBCO,2019,W,POLI,222,,OVERALL,International Politics II,,112,77.91964286,13.53949072,91,0,4,0,0,0,1,9,13,11,49,22,3,,
UBCO,2019,W,POLI,223,,101,"Introduction to Philosophy, Politics and Economics (PPE)",Carl C. Hodge;Carl Hodge,37,73.27027027,17.59363624,92,0,3,0,1,4,1,3,6,3,7,6,3,,
UBCO,2019,W,POLI,223,,OVERALL,"Introduction to Philosophy, Politics and Economics (PPE)",,37,73.27027027,17.59363624,92,0,3,0,1,4,1,3,6,3,7,6,3,,
UBCO,2019,W,POLI,240,,1,Currents of Political Thought,Linda Elmose;Michaela Sullivan-Paul;Ruth Lowe-Walker,82,69.85365854,12.49703367,90,32,6,4,1,8,11,12,6,15,13,5,1,,
UBCO,2019,W,POLI,240,,OVERALL,Currents of Political Thought,,82,69.85365854,12.49703367,90,32,6,4,1,8,11,12,6,15,13,5,1,,
UBCO,2019,W,POLI,303,,1,Federalism in Canada,Maxime Heroux-Legault;Victor Sevilla Valenzuela,47,74.65957447,12.56336392,93,26,2,0,0,3,4,5,9,7,8,6,3,,
UBCO,2019,W,POLI,303,,OVERALL,Federalism in Canada,,47,74.65957447,12.56336392,93,26,2,0,0,3,4,5,9,7,8,6,3,,
UBCO,2019,W,POLI,313,,101,Topics in European Integration,Carl C. Hodge,47,76.68085106,7.726595468,93,50,0,1,0,2,2,3,12,10,10,6,1,,
UBCO,2019,W,POLI,313,,OVERALL,Topics in European Integration,,47,76.68085106,7.726595468,93,50,0,1,0,2,2,3,12,10,10,6,1,,
UBCO,2019,W,POLI,314,,1,Topics in Comparative Politics: China,John Ward;Manfred Elfstrom,48,78.3125,8.839361318,94,52,0,1,2,1,0,2,7,14,9,9,3,,
UBCO,2019,W,POLI,314,,OVERALL,Topics in Comparative Politics: China,,48,78.3125,8.839361318,94,52,0,1,2,1,0,2,7,14,9,9,3,,
UBCO,2019,W,POLI,319,,101,Issues in South American Politics,James Rochlin,38,77.73684211,17.4071812,95,0,2,0,2,1,0,5,3,4,6,5,10,,
UBCO,2019,W,POLI,319,,OVERALL,Issues in South American Politics,,38,77.73684211,17.4071812,95,0,2,0,2,1,0,5,3,4,6,5,10,,
UBCO,2019,W,POLI,323,,1,South Asian Government and Politics,Adam Jones,45,80.42222222,7.984328084,92,57,0,0,1,1,1,4,3,7,12,10,6,,
UBCO,2019,W,POLI,323,,OVERALL,South Asian Government and Politics,,45,80.42222222,7.984328084,92,57,0,0,1,1,1,4,3,7,12,10,6,,
UBCO,2019,W,POLI,354,,101,History of Political Ideas I,Darielle Talarico;Thomas Heilke,36,78.30555556,7.923994103,92,61,0,0,0,1,2,6,3,10,4,6,4,,
UBCO,2019,W,POLI,354,,OVERALL,History of Political Ideas I,,36,78.30555556,7.923994103,92,61,0,0,0,1,2,6,3,10,4,6,4,,
UBCO,2019,W,POLI,363,,101,Canadian Foreign Policy,Rosalind Warner,25,73.36,17.58522107,90,18,2,0,0,1,1,3,2,7,4,4,1,,
UBCO,2019,W,POLI,363,,OVERALL,Canadian Foreign Policy,,25,73.36,17.58522107,90,18,2,0,0,1,1,3,2,7,4,4,1,,
UBCO,2019,W,POLI,383,,1,Crimes Against Humanity,Adam Jones;John Ward,47,82.17021277,10.87342022,91,23,1,0,0,0,1,2,4,3,10,19,7,,
UBCO,2019,W,POLI,383,,OVERALL,Crimes Against Humanity,,47,82.17021277,10.87342022,91,23,1,0,0,0,1,2,4,3,10,19,7,,
UBCO,2019,W,POLI,402,,1,Law and Politics of the Canadian Constitution,Halina Sapeha;Saifullah Mahfuz,29,78.51724138,15.39392433,91,9,1,0,0,1,0,2,4,4,4,9,4,,
UBCO,2019,W,POLI,402,,OVERALL,Law and Politics of the Canadian Constitution,,29,78.51724138,15.39392433,91,9,1,0,0,1,0,2,4,4,4,9,4,,
UBCO,2019,W,POLI,432,,101,Contemporary Issues in Law,Halina Sapeha,27,79.55555556,8.867977539,95,55,0,0,1,0,1,1,5,5,5,5,4,,
UBCO,2019,W,POLI,432,,102,Contemporary Issues in Law,Gillian Dougans;Marvin Geekie,19,75.05263158,5.327848056,82,60,0,0,0,1,0,3,5,6,4,0,0,,
UBCO,2019,W,POLI,432,,OVERALL,Contemporary Issues in Law,,46,77.69565217,7.862342216,95,55,0,0,1,1,1,4,10,11,9,5,4,,
UBCO,2019,W,POLI,462,,101,International Relations Theory,James Rochlin,22,82.27272727,10.21754708,97,64,0,0,0,0,2,2,4,2,2,3,7,,
UBCO,2019,W,POLI,462,,OVERALL,International Relations Theory,,22,82.27272727,10.21754708,97,64,0,0,0,0,2,2,4,2,2,3,7,,
UBCO,2019,W,POLI,464,C,1,Problems in International Relations: Seminar,John Ward;Manfred Elfstrom,29,81.37931035,9.045179431,96,51,0,1,0,0,2,1,0,5,10,6,4,,
UBCO,2019,W,POLI,464,C,OVERALL,Problems in International Relations: Seminar,,29,81.37931035,9.045179431,96,51,0,1,0,0,2,1,0,5,10,6,4,,
UBCO,2019,W,POLI,464,F,1,Problems in International Relations: Seminar,Thomas Heilke,20,77.9,8.245572975,90,62,0,0,0,1,0,3,6,1,3,5,1,,
UBCO,2019,W,POLI,464,F,OVERALL,Problems in International Relations: Seminar,,20,77.9,8.245572975,90,62,0,0,0,1,0,3,6,1,3,5,1,,
UBCO,2019,W,POLI,464,M,1,Problems in International Relations: Seminar,David Chatterson,23,72.86956522,21.47155486,95,0,2,0,0,0,0,4,2,5,7,1,2,,
UBCO,2019,W,POLI,464,M,OVERALL,Problems in International Relations: Seminar,,23,72.86956522,21.47155486,95,0,2,0,0,0,0,4,2,5,7,1,2,,
UBCO,2019,W,POLI,465,,101,International Law: Seminar,Halina Sapeha,30,79.36666667,10.58132165,96,50,0,1,1,0,0,3,5,6,3,5,6,,
UBCO,2019,W,POLI,465,,OVERALL,International Law: Seminar,,30,79.36666667,10.58132165,96,50,0,1,1,0,0,3,5,6,3,5,6,,
UBCO,2019,W,POLI,497,,OVERALL,Directed Studies for PPE Majors,,6,82.16666667,3.430257522,87,78,0,0,0,0,0,0,0,,,,0,,
UBCO,2018,W,PHIL,111,,1,Introduction to Philosophy I,Emma Mcnamar;Ruth Lowe-Walker,62,71.46774194,14.30088584,90,5,4,0,2,6,4,8,12,9,10,6,1,,
UBCO,2018,W,PHIL,111,,2,Introduction to Philosophy I,Emma Mcnamar;Ruth Lowe-Walker,63,69.17460318,15.34394877,93,7,5,0,1,4,11,9,11,7,9,5,1,,
UBCO,2018,W,PHIL,111,,101,Introduction to Philosophy I,James Robinson,65,63.01538462,19.08819359,92,0,11,9,3,6,6,5,8,2,8,5,2,,
UBCO,2018,W,PHIL,111,,OVERALL,Introduction to Philosophy I,,190,67.81578947,16.71936947,93,0,20,9,6,16,21,22,31,18,27,16,4,,
UBCO,2018,W,PHIL,120,,1,Introduction to Logic and Critical Thinking,Giovanni Grandi;Kristian Zulinick,108,66.31481482,20.87642687,99,0,18,6,10,9,6,14,6,6,12,9,12,,
UBCO,2018,W,PHIL,120,,101,Introduction to Logic and Critical Thinking,Giovanni Grandi;Kristian Zulinick,126,70.14285714,18.88987635,100,0,14,6,10,4,15,14,12,8,14,9,20,,
UBCO,2018,W,PHIL,120,,OVERALL,Introduction to Logic and Critical Thinking,,234,68.37606838,19.88042646,100,0,32,12,20,13,21,28,18,14,26,18,32,,
UBCO,2018,W,PHIL,121,,101,Introduction to Philosophy II,Jeremy Wiens;Thomas Ryder,54,71.66666667,16.39604186,93,0,2,4,3,0,10,3,7,6,9,7,3,,
UBCO,2018,W,PHIL,121,,102,Introduction to Philosophy II,Jeremy Wiens;Thomas Ryder,61,63.18032787,22.8199534,96,0,13,5,2,4,5,6,4,5,10,3,4,,
UBCO,2018,W,PHIL,121,,OVERALL,Introduction to Philosophy II,,115,67.16521739,20.42441368,96,0,15,9,5,4,15,9,11,11,19,10,7,,
UBCO,2018,W,PHIL,210,,101,Introduction to Social and Political Philosophy,Emma Mcnamar;Ruth Lowe-Walker,25,76.76,17.39080217,91,0,1,0,0,0,2,0,3,5,7,6,1,,
UBCO,2018,W,PHIL,210,,OVERALL,Introduction to Social and Political Philosophy,,25,76.76,17.39080217,91,0,1,0,0,0,2,0,3,5,7,6,1,,
UBCO,2018,W,PHIL,220,,1,Symbolic Logic I,Stefaniia Mikhailova;Wolfgang Holger Andreas,24,76.375,15.9559516,99,43,1,2,1,1,2,1,1,3,2,5,5,,
UBCO,2018,W,PHIL,220,,OVERALL,Symbolic Logic I,,24,76.375,15.9559516,99,43,1,2,1,1,2,1,1,3,2,5,5,,
UBCO,2018,W,PHIL,230,,1,Ethics,James Robinson,49,72,11.78805893,89,41,3,3,0,3,6,4,7,9,10,4,0,,
UBCO,2018,W,PHIL,230,,OVERALL,Ethics,,49,72,11.78805893,89,41,3,3,0,3,6,4,7,9,10,4,0,,
UBCO,2018,W,PHIL,233,,1,Biomedical Ethics,Thomas Ryder,57,75.28070175,12.92250858,96,23,2,2,2,3,2,4,8,10,12,7,5,,
UBCO,2018,W,PHIL,233,,OVERALL,Biomedical Ethics,,57,75.28070175,12.92250858,96,23,2,2,2,3,2,4,8,10,12,7,5,,
UBCO,2018,W,PHIL,245,,101,Introduction to Metaphysics,Wolfgang Holger Andreas,22,69.5,21.36251724,98,0,1,2,2,3,3,1,2,1,2,1,4,,
UBCO,2018,W,PHIL,245,,OVERALL,Introduction to Metaphysics,,22,69.5,21.36251724,98,0,1,2,2,3,3,1,2,1,2,1,4,,
UBCO,2018,W,PHIL,309,,101,Ancient Philosophy,James Robinson,31,70,14.0878198,88,24,1,4,1,2,1,6,6,2,2,6,0,,
UBCO,2018,W,PHIL,309,,OVERALL,Ancient Philosophy,,31,70,14.0878198,88,24,1,4,1,2,1,6,6,2,2,6,0,,
UBCO,2018,W,PHIL,315,,1,Philosophy in the 18th Century,Giovanni Grandi,32,70.6875,16.42468147,93,35,5,1,0,3,3,3,2,1,6,4,4,,
UBCO,2018,W,PHIL,315,,OVERALL,Philosophy in the 18th Century,,32,70.6875,16.42468147,93,35,5,1,0,3,3,3,2,1,6,4,4,,
UBCO,2018,W,PHIL,331,,101,Computer Ethics,Lauren Rossiter;Ruth Lowe-Walker;Samantha Leathem,121,74.44628099,9.751880514,92,39,1,5,5,3,12,15,17,18,30,11,4,,
UBCO,2018,W,PHIL,331,,OVERALL,Computer Ethics,,121,74.44628099,9.751880514,92,39,1,5,5,3,12,15,17,18,30,11,4,,
UBCO,2018,W,PHIL,345,,101,Theory of Knowledge,Manuela Ungureanu,31,64.29032258,24.02248051,91,0,5,0,3,0,4,4,7,1,3,3,1,,
UBCO,2018,W,PHIL,345,,OVERALL,Theory of Knowledge,,31,64.29032258,24.02248051,91,0,5,0,3,0,4,4,7,1,3,3,1,,
UBCO,2018,W,PHIL,391,A,101,Topics in Philosophy,Giovanni Grandi,12,77.75,14.98559915,93,44,1,0,0,2,0,0,1,1,0,4,3,,
UBCO,2018,W,PHIL,391,A,OVERALL,Topics in Philosophy,,12,77.75,14.98559915,93,44,1,0,0,2,0,0,1,1,0,4,3,,
UBCO,2018,W,PHIL,425,,101,Philosophy of Language,Manuela Ungureanu,12,70.08333333,23.46160629,88,0,1,0,1,0,0,0,4,2,2,2,0,,
UBCO,2018,W,PHIL,425,,OVERALL,Philosophy of Language,,12,70.08333333,23.46160629,88,0,1,0,1,0,0,0,4,2,2,2,0,,
UBCO,2018,W,PHIL,434,,1,Business Ethics,Ruth Lowe-Walker,34,79.23529412,12.21042482,92,20,1,0,0,1,0,2,5,2,11,11,1,,
UBCO,2018,W,PHIL,434,,OVERALL,Business Ethics,,34,79.23529412,12.21042482,92,20,1,0,0,1,0,2,5,2,11,11,1,,
UBCO,2018,W,PHIL,435,,1,Environmental Ethics,James Robinson,35,71.08571429,10.34229303,89,40,1,1,1,6,3,4,6,5,6,2,0,,
UBCO,2018,W,PHIL,435,,OVERALL,Environmental Ethics,,35,71.08571429,10.34229303,89,40,1,1,1,6,3,4,6,5,6,2,0,,
UBCO,2018,W,PHIL,437,,101,Philosophy and the Global Order,Ruth Lowe-Walker,35,78.51428571,15.09454796,88,0,1,0,0,1,0,2,4,5,6,16,0,,
UBCO,2018,W,PHIL,437,,OVERALL,Philosophy and the Global Order,,35,78.51428571,15.09454796,88,0,1,0,0,1,0,2,4,5,6,16,0,,
UBCO,2018,W,PHIL,451,A,1,Philosophy of Mind,Thomas Ryder,22,74.45454546,13.62325488,91,44,1,1,1,1,4,2,0,2,2,5,3,,
UBCO,2018,W,PHIL,451,A,OVERALL,Philosophy of Mind,,22,74.45454546,13.62325488,91,44,1,1,1,1,4,2,0,2,2,5,3,,
UBCO,2018,W,PHIL,460,,1,Philosophy of Science,Wolfgang Holger Andreas,29,80.48275862,16.59737649,98,39,1,2,1,2,1,1,1,0,2,8,10,,
UBCO,2018,W,PHIL,460,,OVERALL,Philosophy of Science,,29,80.48275862,16.59737649,98,39,1,2,1,2,1,1,1,0,2,8,10,,
UBCO,2018,W,POLI,101,,1,The Government of Canada,Darielle Talarico;David Viveash;Erica Mihalcheon,94,68.37234043,18.40814689,93,0,8,10,8,5,8,8,11,7,10,10,9,,
UBCO,2018,W,POLI,101,,101,The Government of Canada,Carey Doberstein;Darielle Talarico,104,71.50961539,17.66132036,91,0,8,3,2,4,7,15,14,6,26,16,3,,
UBCO,2018,W,POLI,101,,OVERALL,The Government of Canada,,198,70.02020202,18.04224023,93,0,16,13,10,9,15,23,25,13,36,26,12,,
UBCO,2018,W,POLI,220,,1,Introduction to Comparative Politics,Carl C. Hodge;Carl Hodge;James Rochlin,97,68.63917526,12.17852068,90,23,7,1,7,10,10,19,16,12,10,3,2,,
UBCO,2018,W,POLI,220,,OVERALL,Introduction to Comparative Politics,,97,68.63917526,12.17852068,90,23,7,1,7,10,10,19,16,12,10,3,2,,
UBCO,2018,W,POLI,221,,1,International Politics,James Rochlin;Natalia Penuela Gallo,86,73.47674419,15.78959206,95,0,5,2,3,3,12,6,5,14,19,6,11,,
UBCO,2018,W,POLI,221,,OVERALL,International Politics,,86,73.47674419,15.78959206,95,0,5,2,3,3,12,6,5,14,19,6,11,,
UBCO,2018,W,POLI,222,,101,International Politics II,Adam Jones;Natalia Penuela Gallo;Noelle Viger,89,72.71910112,15.99288817,94,0,5,0,0,4,5,16,21,8,15,12,3,,
UBCO,2018,W,POLI,222,,OVERALL,International Politics II,,89,72.71910112,15.99288817,94,0,5,0,0,4,5,16,21,8,15,12,3,,
UBCO,2018,W,POLI,223,,101,"Introduction to Philosophy, Politics and Economics (PPE)",Carl C. Hodge;Carl Hodge,25,71.12,22.73822039,90,0,2,0,0,0,2,6,2,4,2,6,1,,
UBCO,2018,W,POLI,223,,OVERALL,"Introduction to Philosophy, Politics and Economics (PPE)",,25,71.12,22.73822039,90,0,2,0,0,0,2,6,2,4,2,6,1,,
UBCO,2018,W,POLI,240,,1,Currents of Political Thought,Natalia Penuela Gallo;Ruth Lowe-Walker,70,72.78571429,16.73570587,89,11,6,1,0,2,4,6,9,12,23,7,0,,
UBCO,2018,W,POLI,240,,OVERALL,Currents of Political Thought,,70,72.78571429,16.73570587,89,11,6,1,0,2,4,6,9,12,23,7,0,,
UBCO,2018,W,POLI,303,,1,Federalism in Canada,Carey Doberstein,40,75.75,11.40119202,90,19,1,0,0,1,3,3,8,6,13,4,1,,
UBCO,2018,W,POLI,303,,OVERALL,Federalism in Canada,,40,75.75,11.40119202,90,19,1,0,0,1,3,3,8,6,13,4,1,,
UBCO,2018,W,POLI,352,,101,Comparative Politics of Public Policy,Carey Doberstein,39,74.84615385,14.02354873,95,14,1,2,1,1,0,5,6,5,11,6,1,,
UBCO,2018,W,POLI,352,,OVERALL,Comparative Politics of Public Policy,,39,74.84615385,14.02354873,95,14,1,2,1,1,0,5,6,5,11,6,1,,
UBCO,2018,W,POLI,363,,101,Canadian Foreign Policy,Rosalind Warner,41,77.48780488,8.880095583,94,44,1,0,0,0,4,3,6,9,11,4,3,,
UBCO,2018,W,POLI,363,,OVERALL,Canadian Foreign Policy,,41,77.48780488,8.880095583,94,44,1,0,0,0,4,3,6,9,11,4,3,,
UBCO,2018,W,POLI,366,,101,International Political Economy,James Rochlin,38,79.39473684,11.04423409,96,49,1,0,0,3,1,4,2,7,6,5,9,,
UBCO,2018,W,POLI,366,,OVERALL,International Political Economy,,38,79.39473684,11.04423409,96,49,1,0,0,3,1,4,2,7,6,5,9,,
UBCO,2018,W,POLI,371,,1,The Politics of NAFTA,David Chatterson,41,72.24390244,9.159095173,95,46,1,0,0,3,9,8,8,5,3,2,2,,
UBCO,2018,W,POLI,371,,OVERALL,The Politics of NAFTA,,41,72.24390244,9.159095173,95,46,1,0,0,3,9,8,8,5,3,2,2,,
UBCO,2018,W,POLI,372,,1,Gender and International Relations,Adam Jones,46,82.84782609,5.625210678,94,71,0,0,0,0,0,1,3,12,12,12,6,,
UBCO,2018,W,POLI,372,,OVERALL,Gender and International Relations,,46,82.84782609,5.625210678,94,71,0,0,0,0,0,1,3,12,12,12,6,,
UBCO,2018,W,POLI,382,,1,Genocide: An Interdisciplinary Perspective,Adam Jones,46,81.19565217,7.066728192,92,50,0,1,0,0,0,1,3,13,10,15,3,,
UBCO,2018,W,POLI,382,,OVERALL,Genocide: An Interdisciplinary Perspective,,46,81.19565217,7.066728192,92,50,0,1,0,0,0,1,3,13,10,15,3,,
UBCO,2018,W,POLI,391,G,101,Special Topics in Political Science,Adam Jones,44,76.95454546,17.93003787,92,0,2,0,0,0,0,4,5,6,16,8,3,,
UBCO,2018,W,POLI,391,G,OVERALL,Special Topics in Political Science,,44,76.95454546,17.93003787,92,0,2,0,0,0,0,4,5,6,16,8,3,,
UBCO,2018,W,POLI,432,,101,Contemporary Issues in Law,Gillian Dougans,30,75.46666667,6.911925393,85,64,0,0,0,0,6,4,6,2,11,1,0,,
UBCO,2018,W,POLI,432,,OVERALL,Contemporary Issues in Law,,30,75.46666667,6.911925393,85,64,0,0,0,0,6,4,6,2,11,1,0,,
UBCO,2018,W,POLI,464,F,1,Problems in International Relations: Seminar,Darielle Talarico;Thomas Heilke,23,78.95652174,5.514264649,90,70,0,0,0,0,0,2,6,4,6,4,1,,
UBCO,2018,W,POLI,464,F,OVERALL,Problems in International Relations: Seminar,,23,78.95652174,5.514264649,90,70,0,0,0,0,0,2,6,4,6,4,1,,
UBCO,2018,W,POLI,464,G,101,Problems in International Relations: Seminar,James Rochlin,23,85.69565217,8.693962286,95,66,0,0,0,0,1,2,0,2,4,5,9,,
UBCO,2018,W,POLI,464,G,OVERALL,Problems in International Relations: Seminar,,23,85.69565217,8.693962286,95,66,0,0,0,0,1,2,0,2,4,5,9,,
UBCO,2018,W,POLI,464,H,101,Problems in International Relations: Seminar,Helen Yanacopulos,26,75.76923077,8.819558684,87,48,1,0,0,1,3,1,4,6,7,3,0,,
UBCO,2018,W,POLI,464,H,OVERALL,Problems in International Relations: Seminar,,26,75.76923077,8.819558684,87,48,1,0,0,1,3,1,4,6,7,3,0,,
UBCO,2018,W,ECON,101,,1,Principles of Microeconomics,Amarpreet Kaur;Anthony Boyko;Devon Rudd;Jinze Wu;Juwilliart Cox;Lyndsay Eichinger;Michael Manojlovic;Noriko Ozawa;Ryan Bergen;Sabreena Saeed,239,67.54811716,18.01064072,99,0,32,15,22,16,23,24,21,17,25,21,23,,
UBCO,2018,W,ECON,101,,2,Principles of Microeconomics,Amarpreet Kaur;Anthony Boyko;Devon Rudd;Jinze Wu;Juwilliart Cox;Khan Islam;Lyndsay Eichinger;Michael Manojlovic;Ryan Bergen;Sabreena Saeed,140,65.53571429,16.26949775,99,0,18,13,11,18,18,12,13,9,6,15,7,,
UBCO,2018,W,ECON,101,,101,Principles of Microeconomics,Amarpreet Kaur;Anthony Boyko;Braydon Neiszner;Colton Horne;Devon Rudd;Janny Tam;Juwilliart Cox;Lyndsay Eichinger;Nicholas Ogawa;Noriko Ozawa,254,64.24409449,19.08156677,99,0,39,19,25,24,23,22,29,23,19,16,15,,
UBCO,2018,W,ECON,101,,OVERALL,Principles of Microeconomics,,633,65.77725119,18.11835179,99,0,89,47,58,58,64,58,63,49,50,52,45,,
UBCO,2018,W,ECON,102,,1,Principles of Macroeconomics,Anthony Boyko;Devon Rudd;Jinze Wu;Juwilliart Cox;Karl Pinno;Michael Manojlovic;Ryan Bergen;Sabreena Saeed,143,66.76923077,17.14794461,100,0,18,4,12,12,19,18,20,12,14,8,6,,
UBCO,2018,W,ECON,102,,101,Principles of Macroeconomics,Julien Picault;Ross Hickey,307,65.84364821,12.79201333,93,17,27,26,33,30,38,40,45,27,26,11,4,,
UBCO,2018,W,ECON,102,,102,Principles of Macroeconomics,Karl Pinno,197,66.07614213,15.52743751,100,0,20,13,18,34,22,23,18,14,13,10,12,,
UBCO,2018,W,ECON,102,,OVERALL,Principles of Macroeconomics,,647,66.11901082,14.67753682,100,0,65,43,63,76,79,81,83,53,53,29,22,,
UBCO,2018,W,ECON,204,,1,Intermediate Microeconomic Analysis,Anthony Boyko;Devon Rudd;Juwilliart Cox;Lyndsay Eichinger;Michael Manojlovic;Noriko Ozawa;Ryan Bergen;Sabreena Saeed,56,58.96428571,18.7131109,99,12,14,10,4,6,3,3,6,2,4,2,2,,
UBCO,2018,W,ECON,204,,101,Intermediate Microeconomic Analysis,Devon Rudd;Juwilliart Cox;Mohsen Javdani;Spencer Dean;Spencer Lh Dean,61,69.8852459,17.10759905,100,25,7,3,5,7,5,4,7,6,4,4,9,,
UBCO,2018,W,ECON,204,,OVERALL,Intermediate Microeconomic Analysis,,117,64.65811966,18.6395771,100,12,21,13,9,13,8,7,13,8,8,6,11,,
UBCO,2018,W,ECON,205,,1,Intermediate Macroeconomic Analysis,Devon Rudd;Juwilliart Cox;Kenneth Carlaw;Lyndsay Eichinger;Michael Manojlovic;Ryan Bergen,42,59.26190476,19.51492178,98,5,11,7,6,1,3,3,3,2,1,0,5,,
UBCO,2018,W,ECON,205,,101,Intermediate Macroeconomic Analysis,Braydon Neiszner;Colton Horne;Kenneth Carlaw;Nicholas Ogawa;Spencer Dean;Spencer Lh Dean,57,57.54385965,17.30201286,92,7,21,4,4,9,1,4,5,2,6,0,1,,
UBCO,2018,W,ECON,205,,OVERALL,Intermediate Macroeconomic Analysis,,99,58.27272727,18.19666833,98,5,32,11,10,10,4,7,8,4,7,0,6,,
UBCO,2018,W,ECON,221,,1,Introduction to Strategic Thinking,Jinze Wu;Mohsen Javdani,41,71.14634146,18.29010795,100,42,5,4,2,6,5,0,3,1,1,5,9,,
UBCO,2018,W,ECON,221,,OVERALL,Introduction to Strategic Thinking,,41,71.14634146,18.29010795,100,42,5,4,2,6,5,0,3,1,1,5,9,,
UBCO,2018,W,ECON,232,,101,History of Economic Thought,Karl Pinno,58,71.24137931,16.76494918,100,31,3,6,6,5,7,3,3,2,8,7,8,,
UBCO,2018,W,ECON,232,,OVERALL,History of Economic Thought,,58,71.24137931,16.76494918,100,31,3,6,6,5,7,3,3,2,8,7,8,,
UBCO,2018,W,ECON,295,,101,Managerial Economics,Khan Islam,37,72.02702703,12.87436403,92,28,2,1,2,2,3,6,4,6,6,4,1,,
UBCO,2018,W,ECON,295,,OVERALL,Managerial Economics,,37,72.02702703,12.87436403,92,28,2,1,2,2,3,6,4,6,6,4,1,,
UBCO,2018,W,ECON,308,,101,Intermediate Microeconomics II,Noriko Ozawa,29,58.13793103,21.74482556,96,12,9,2,5,1,2,1,4,0,1,2,2,,
UBCO,2018,W,ECON,308,,OVERALL,Intermediate Microeconomics II,,29,58.13793103,21.74482556,96,12,9,2,5,1,2,1,4,0,1,2,2,,
UBCO,2018,W,ECON,321,,1,Experimental Economics,Julien Picault,14,75.85714286,10.75501416,92,56,0,0,1,0,3,0,4,1,1,2,2,,
UBCO,2018,W,ECON,321,,OVERALL,Experimental Economics,,14,75.85714286,10.75501416,92,56,0,0,1,0,3,0,4,1,1,2,2,,
UBCO,2018,W,ECON,327,,1,Introduction to Empirical Economics,Amarpreet Kaur;James Johnson;Noriko Ozawa,45,62.46666667,16.59216683,95,21,7,4,5,6,9,3,2,4,0,2,3,,
UBCO,2018,W,ECON,327,,OVERALL,Introduction to Empirical Economics,,45,62.46666667,16.59216683,95,21,7,4,5,6,9,3,2,4,0,2,3,,
UBCO,2018,W,ECON,328,,101,Methods of Empirical Research,Amarpreet Kaur;Mohsen Javdani;Ross Hickey,38,64.55263158,18.12970889,100,0,3,4,7,6,2,6,2,1,0,3,4,,
UBCO,2018,W,ECON,328,,OVERALL,Methods of Empirical Research,,38,64.55263158,18.12970889,100,0,3,4,7,6,2,6,2,1,0,3,4,,
UBCO,2018,W,ECON,339,,1,Economics of Technological Change,Kenneth Carlaw,14,65.42857143,22.66720534,86,0,2,0,1,1,0,2,2,4,1,1,0,,
UBCO,2018,W,ECON,339,,OVERALL,Economics of Technological Change,,14,65.42857143,22.66720534,86,0,2,0,1,1,0,2,2,4,1,1,0,,
UBCO,2018,W,ECON,340,,1,Financial Economics,Kit Pasula,57,72.66666667,17.40621126,99,14,3,6,2,6,4,3,7,6,4,5,11,,
UBCO,2018,W,ECON,340,,OVERALL,Financial Economics,,57,72.66666667,17.40621126,99,14,3,6,2,6,4,3,7,6,4,5,11,,
UBCO,2018,W,ECON,345,,1,Money and Banking,Khan Islam,51,77.31372549,14.2639268,100,35,2,1,1,4,5,2,5,8,5,7,11,,
UBCO,2018,W,ECON,345,,101,Money and Banking,Khan Islam,55,69,13.0866061,97,46,4,5,5,6,3,6,7,10,3,1,5,,
UBCO,2018,W,ECON,345,,OVERALL,Money and Banking,,106,73,14.22606595,100,35,6,6,6,10,8,8,12,18,8,8,16,,
UBCO,2018,W,ECON,351,,101,Women in the Economy,Julien Picault,18,68.38888889,21.95487053,91,0,2,0,3,2,0,0,2,3,2,1,3,,
UBCO,2018,W,ECON,351,,OVERALL,Women in the Economy,,18,68.38888889,21.95487053,91,0,2,0,3,2,0,0,2,3,2,1,3,,
UBCO,2018,W,ECON,355,,1,International Trade,Karl Pinno,45,66.8,16.71499055,97,27,4,5,7,5,3,2,3,1,8,4,3,,
UBCO,2018,W,ECON,355,,101,International Trade,Karl Pinno,57,69.31578947,19.14247138,96,0,2,9,2,5,8,6,1,3,9,6,6,,
UBCO,2018,W,ECON,355,,OVERALL,International Trade,,102,68.20588235,18.06826343,97,0,6,14,9,10,11,8,4,4,17,10,9,,
UBCO,2018,W,ECON,356,,1,International Finance,Kit Pasula,33,73.06060606,17.96861742,99,21,1,2,4,3,5,1,2,4,2,1,8,,
UBCO,2018,W,ECON,356,,101,International Finance,Kit Pasula,43,74.37209302,17.96958178,99,25,1,9,2,2,1,0,3,5,3,7,10,,
UBCO,2018,W,ECON,356,,OVERALL,International Finance,,76,73.80263158,17.86095909,99,21,2,11,6,5,6,1,5,9,5,8,18,,
UBCO,2018,W,ECON,358,,1,Competitiveness in the International Economy,Peter Wylie,60,88.56666667,7.47961448,100,74,0,0,0,0,0,0,2,5,13,6,34,,
UBCO,2018,W,ECON,358,,OVERALL,Competitiveness in the International Economy,,60,88.56666667,7.47961448,100,74,0,0,0,0,0,0,2,5,13,6,34,,
UBCO,2018,W,ECON,360,,101,Labour Economics,Khan Islam,49,68.51020408,17.32907293,96,3,5,3,4,2,2,5,11,4,7,3,3,,
UBCO,2018,W,ECON,360,,OVERALL,Labour Economics,,49,68.51020408,17.32907293,96,3,5,3,4,2,2,5,11,4,7,3,3,,
UBCO,2018,W,ECON,370,,1,Benefit-Cost Analysis and the Economics of Project Evaluation,Julien Picault,23,70.82608696,13.81584128,92,39,1,3,1,1,0,3,6,2,3,0,3,,
UBCO,2018,W,ECON,370,,OVERALL,Benefit-Cost Analysis and the Economics of Project Evaluation,,23,70.82608696,13.81584128,92,39,1,3,1,1,0,3,6,2,3,0,3,,
UBCO,2018,W,ECON,371,,101,Economics of the Environment,Johannus Janmaat,17,67.17647059,21.16375231,91,0,1,1,2,2,2,0,1,4,1,2,1,,
UBCO,2018,W,ECON,371,,OVERALL,Economics of the Environment,,17,67.17647059,21.16375231,91,0,1,1,2,2,2,0,1,4,1,2,1,,
UBCO,2018,W,ECON,372,,101,Natural Resource Economics,Johannus Janmaat,13,69.61538462,23.40419642,91,0,1,0,0,2,2,0,1,2,2,2,1,,
UBCO,2018,W,ECON,372,,OVERALL,Natural Resource Economics,,13,69.61538462,23.40419642,91,0,1,0,0,2,2,0,1,2,2,2,1,,
UBCO,2018,W,ECON,386,,1,Industrial Organization and Regulation,Julien Picault,26,71.46153846,11.2578178,90,53,0,1,4,1,4,5,1,2,4,1,3,,
UBCO,2018,W,ECON,386,,OVERALL,Industrial Organization and Regulation,,26,71.46153846,11.2578178,90,53,0,1,4,1,4,5,1,2,4,1,3,,
UBCO,2018,W,ECON,391,O,1,Topics in Economics,Karl Pinno,27,73.25925926,12.1610747,94,55,0,0,4,3,2,5,1,3,4,1,4,,
UBCO,2018,W,ECON,391,O,OVERALL,Topics in Economics,,27,73.25925926,12.1610747,94,55,0,0,4,3,2,5,1,3,4,1,4,,
UBCO,2018,W,ECON,391,P,101,Topics in Economics,Giovanni Grandi,24,75.25,12.90180304,93,45,2,0,1,0,2,4,2,1,6,3,3,,
UBCO,2018,W,ECON,391,P,OVERALL,Topics in Economics,,24,75.25,12.90180304,93,45,2,0,1,0,2,4,2,1,6,3,3,,
UBCO,2018,W,ECON,391,Q,101,Topics in Economics,Julien Picault,13,77.61538462,9.561541556,93,63,0,0,0,1,0,3,2,1,3,1,2,,
UBCO,2018,W,ECON,391,Q,OVERALL,Topics in Economics,,13,77.61538462,9.561541556,93,63,0,0,0,1,0,3,2,1,3,1,2,,
UBCO,2018,W,ECON,401,,1,Applied Microeconomic Analysis,Noriko Ozawa,11,74.36363636,13.66215742,92,51,0,2,0,0,0,3,0,2,0,3,1,,
UBCO,2018,W,ECON,401,,OVERALL,Applied Microeconomic Analysis,,11,74.36363636,13.66215742,92,51,0,2,0,0,0,3,0,2,0,3,1,,
UBCO,2018,W,ECON,409,,101,Economic Growth Theory,Kenneth Carlaw,6,86.16666667,6.524313502,95,77,0,0,0,0,0,0,0,1,1,2,2,,
UBCO,2018,W,ECON,409,,OVERALL,Economic Growth Theory,,6,86.16666667,6.524313502,95,77,0,0,0,0,0,0,0,1,1,2,2,,